Sample #,d13C ,d18O,d13C SD,d18O SD,Milled?,Date,Year,Boat,Location; Lat/Long,CFL in,CFL,Bin,Dressed Weight (lbs),Round Weight (lbs),Round Weight (kg),Sex,# Otoliths Present,Lf Oto (Y/N),Rt Oto (Y/N),Lf Oto Condition,Rt Oto Condition,Lf Oto Weight (g),Rt Oto Weight (g),Lf Oto Length (cm),Lf Oto Width (cm),Rt Oto Length (cm),Rt Oto Width (cm),Otolith Aged
211-2010,-8.37,-0.58,0.028,0.022,y,9/9/2010,2010,Tammy Rose,,53,134.62,100-149,,,,,2,Y,Y,Whole,Whole,0.0681,0.0705,1.349,0.376,1.389,0.373,R
203-2010,-7.06,-1.19,0.029,0.087,y,8/27/2010,2010,Tammy Rose,,55,139.7,100-149,,,,,2,Y,Y,Broken tip,Broken tip,NA,NA,NA,0.346,NA,0.333,R
316-2010,-7.7,-0.63,0.025,0.019,y,8/14/2010,2010,,,68.8976378,175,150-199,,,,M,2,Y,Y,Whole,Broken tip (pieces included),0.096,0.0993,1.568,0.413,NA,0.413,R
247-2010,-9.32,-1.08,0.016,0.035,y,10/17/2010,2010,Dixie Lynn,,73,185.42,150-199,165,206.25,93.555,,2,Y,Y,Whole,Whole,0.117,0.1151,1.544,0.45,1.571,0.461,R
116-2010,-8.35,-1.2,0.021,0.045,y,8/31/2010,2010,Frank L Randall,,73,185.42,150-199,171,213.75,96.957,F,2,Y,Y,Broken tip,Whole,0.0978,0.0977,1.424,0.428,1.488,0.424,L
131-2010,-8.08,-0.84,0.038,0.024,y,9/6/2010,2010,Sarah Kelly,,73,185.42,150-199,148,185,83.916,,2,Y,Y,Whole,Whole,0.0979,0.094,1.499,0.408,1.493,0.424,L
179-2010,-8.01,-0.77,0.004,0.039,y,9/18/2010,2010,Sarah Beth,,73,185.42,150-199,153,191.25,86.751,M,2,Y,Y,Whole,Whole,0.1176,0.1112,1.589,0.461,1.653,0.443,L
047-2010,-7.95,-0.8,0.045,0.021,y,8/6/2010,2010,,,73,185.42,150-199,142,177.5,80.514,,2,Y,Y,Broken tip,Whole,NA,0.0944,NA,0.443,1.642,0.429,L
276-2010,-7.95,-1.53,0.03,0.011,y,7/7/2010,2010,Mayflower,,73,185.42,150-199,147,183.75,83.349,,2,Y,Y,Whole,Whole,0.1114,0.1089,1.544,0.403,1.581,0.411,L
275-2010,-7.92,-1.14,0.012,0.083,y,7/15/2010,2010,Toro,,73,185.42,150-199,128,160,72.576,,2,Y,Y,Whole,Broken tip,0.1026,NA,1.536,0.421,NA,0.423,L
202-2010,-7.81,-0.87,0.003,0.07,y,9/20/2010,2010,Janice Marie,,73,185.42,150-199,162,202.5,91.854,,2,Y,Y,Whole,Whole,0.1162,0.1191,1.76,0.416,1.781,0.413,L
130-2010,-7.7,-0.81,0.008,0.055,y,9/6/2010,2010,Sandy Lynn,,73,185.42,150-199,163,203.75,92.421,,2,Y,Y,Whole,Whole,0.1013,0.1005,1.638,0.432,1.649,0.437,R
029-2010,-7.68,-0.97,0.021,0.005,y,8/1/2010,2010,Merlin,,73,185.42,150-199,163,203.75,92.421,M,2,Y,Y,Whole,Broken tip (pieces included),0.0983,0.1007,1.477,0.408,NA,3.627,R
035-2010,-7.67,-0.87,0.045,0.043,y,8/4/2010,2010,Sandy Lynn,,73,185.42,150-199,174,217.5,98.658,M,2,Y,Y,Whole,Whole,0.1053,0.106,1.573,0.437,1.169,0.403,L
115-2010,-7.64,-0.8,0.033,0.057,y,8/28/2010,2010,Mary Joseph,,73,185.42,150-199,172,215,97.524,,2,Y,Y,Whole,Broken tip,0.1208,NA,1.72,0.419,NA,0.443,L
053-2010,-7.6,-0.93,0.011,0.021,y,8/9/2010,2010,Mary Joseph,,73,185.42,150-199,160,200,90.72,,2,Y,Y,Whole,Whole,0.0985,0.0968,1.493,0.424,1.549,0.448,L
111-2010,-7.58,-0.98,0.022,0.029,y,8/27/2010,2010,Jamie Girl,,73,185.42,150-199,167,208.75,94.689,,2,Y,Y,Whole,Whole,0.0924,0.0923,1.525,0.149,1.547,0.419,L
271-2010,-7.57,-0.91,0.008,0.011,y,10/21/2010,2010,Melanie Jeanne,,73,185.42,150-199,191,238.75,108.297,,2,Y,Y,Whole,Whole,0.1147,0.1151,1.755,0.445,1.803,0.432,L
226-2010,-7.56,-0.85,0.049,0.014,y,9/26/2010,2010,Josh Pride,,73,185.42,150-199,164,205,92.988,M,2,Y,Y,Broken tip,Broken tip,NA,NA,1.415,0.392,1.394,0.382,L
141-2010,-7.54,-0.96,0.049,0.097,y,9/2/2010,2010,Sandy Lynn,,73,185.42,150-199,178,222.5,100.926,,2,Y,Y,Whole,Whole,0.1092,0.1007,1.632,0.481,1.643,0.459,L
246-2010,-7.43,-0.71,0.028,0.051,y,10/14/2010,2010,Janice Marie,,73,185.42,150-199,167,208.75,94.689,,2,Y,Y,Broken tip,Broken tip,NA,NA,NA,0.453,NA,0.461,R
176-2010,-7.43,-0.8,0.004,0.014,y,9/12/2010,2010,Dixie Lynn,,73,185.42,150-199,172,215,97.524,F,2,Y,Y,Whole,Whole,0.1087,0.1105,1.595,0.427,1.643,0.416,R
181-2010,-7.3,-1.1,0.017,0.037,y,9/15/2010,2010,,,73,185.42,150-199,150,187.5,85.05,,2,Y,Y,Whole,Whole,0.0954,0.0918,1.605,0.405,1.587,0.4,R
031-2010,-7.3,-0.7,0.042,0.09,y,8/3/2010,2010,Barbara F,,73,185.42,150-199,158,197.5,89.586,M,2,Y,Y,Whole,Whole,0.0922,0.0908,1.475,0.408,1.512,0.416,R
185-2010,-7.3,-0.72,0.01,0.046,y,9/15/2010,2010,,,73,185.42,150-199,157,196.25,89.019,,2,Y,Y,Broken tip (pieces included),Broken tip (pieces included),0.0891,0.0894,NA,0.419,NA,0.394,L
331-2010,-7.28,-1.08,0.006,0.046,y,6/23/2010,2010,Seabrook,,73,185.42,150-199,,,,,2,Y,Y,Broken tip (pieces included),Whole,0.0935,0.0901,NA,0.384,1.568,0.379,L
093-2010,-7.07,-0.9,0.043,0.036,y,8/22/2010,2010,Carol Ann,,73,185.42,150-199,173,216.25,98.091,,2,Y,Y,Whole,Whole,0.133,0.134,1.789,0.464,1.8,0.453,L
239-2010,-8.77,-0.73,0.036,0.042,y,10/18/2010,2010,Janice Marie,,74,187.96,150-199,174,217.5,98.658,,2,Y,Y,Whole,Whole,0.1027,0.1034,1.643,0.435,1.629,0.421,R
107-2010,-8.51,-0.99,0.024,0.007,y,8/29/2010,2010,Patricia Elaine,,74,187.96,150-199,163,203.75,92.421,,2,Y,Y,Whole,Whole,0.1202,0.1186,1.685,0.4,1.672,0.427,L
242-2010,-8,-0.94,0.013,0.092,y,10/12/2010,2010,Dixie Lynn,,74,187.96,150-199,186,232.5,105.462,,2,Y,Y,Whole,Whole,0.1243,0.1147,1.559,0.467,1.661,0.451,R
055-2010,-7.97,-0.84,0.035,0.055,y,8/9/2010,2010,Sooner or Later,,74,187.96,150-199,161,201.25,91.287,,2,Y,Y,Whole,Whole,0.1269,0.1244,1.563,0.44,1.587,0.443,R
194-2010,-7.95,-0.85,0.041,0.066,y,9/19/2010,2010,Mystique Lady,,74,187.96,150-199,158,197.5,89.586,,2,Y,Y,Broken tip,Whole,NA,0.1048,1.552,0.443,1.631,0.443,R
274-2010,-7.86,-1.4,0.046,0.027,y,7/5/2010,2010,Sea Bait,,74,187.96,150-199,144,180,81.648,,2,Y,Y,Whole,Broken tip (pieces included),0.1178,0.1087,1.664,0.423,NA,0.437,R
166-2010,-7.82,-0.99,0.028,0.007,y,9/12/2010,2010,,,74,187.96,150-199,194,242.5,109.998,,2,Y,Y,Whole,Whole,0.1374,0.141,1.757,0.435,1.788,0.443,R
201-2010,-7.82,-1.14,0.01,0.046,y,9/20/2010,2010,Janice Marie,,74,187.96,150-199,166,207.5,94.122,,2,Y,Y,Whole,Whole,0.1153,0.1073,1.632,0.437,1.635,0.413,R
122-2010,-7.81,-0.89,0.014,0.03,y,8/30/2010,2010,Last One Too,,74,187.96,150-199,198,247.5,112.266,F,2,Y,Y,Whole,Whole,0.1203,0.1138,1.72,0.408,1.709,0.437,L
090-2010,-7.78,-0.92,0.045,0.032,y,8/18/2010,2010,Katie Z,,74,187.96,150-199,156,195,88.452,,2,Y,Y,Whole,Whole,0.1151,0.1199,1.747,0.416,1.749,0.44,L
159-2010,-7.76,-0.95,0.014,0.03,y,9/14/2010,2010,Mystique Lady,,74,187.96,150-199,168,210,95.256,,2,Y,Y,Whole,Whole,0.1038,0.1085,1.549,0.444,1.592,0.448,L
323-2010,-7.72,-0.84,0.021,0.056,y,6/21/2010,2010,,,74,187.96,150-199,165,206.25,93.555,,2,Y,Y,Whole,Whole,0.1093,0.1088,1.603,0.448,1.645,0.421,R
269-2010,-7.57,-0.76,0.013,0.022,y,10/24/2010,2010,Mary Joseph,,74,187.96,150-199,164,205,92.988,,2,Y,Y,Whole,Broken tip,0.1154,NA,1.672,0.443,NA,0.421,L
273-2010,-7.57,-1.05,0.002,0.044,y,10/20/2010,2010,Patricia Elaine,,74,187.96,150-199,175,218.75,99.225,,2,Y,Y,Whole,Whole,0.1172,0.1162,1.584,0.451,1.587,0.443,L
075-2010,-7.41,-0.6,0.017,0.023,y,8/14/2010,2010,Lucy J,,74,187.96,150-199,179,223.75,101.493,,2,Y,Y,Whole,Whole,0.1077,0.1116,1.592,0.413,1.621,0.424,R
325-2010,-7.35,-0.78,0.023,0.07,y,6/21/2010,2010,,,74,187.96,150-199,165,206.25,93.555,,2,Y,Y,Broken tip,Whole,NA,0.1536,NA,0.517,1.766,0.461,R
213-2010,-7.28,-0.9,0.029,0.052,y,Sep-10,2010,Robert Fitzpatrick,,74,187.96,150-199,,,,,2,Y,Y,Whole,Whole,0.1116,0.11,1.658,0.4,1.661,0.424,L
158-2010,-7.26,-1.29,0.019,0.06,y,9/11/2010,2010,,,74,187.96,150-199,145,181.25,82.215,M,2,Y,Y,Whole,Whole,0.1003,0.1958,1.48,0.456,1.483,0.437,L
169-2010,-7.23,-0.85,0.012,0.024,y,9/13/2010,2010,,,74,187.96,150-199,180,225,102.06,,2,Y,Y,Whole,Whole,0.0935,0.0953,1.445,0.418,1.494,0.411,R
170-2010,-7.03,-1.13,0.007,0.044,y,9/11/2010,2010,,,74,187.96,150-199,172,215,97.524,M,2,Y,Y,Whole,Broken tip,0.1011,NA,1.617,0.372,NA,0.392,R
256-2010,-8.92,-1.02,0.004,0.069,y,10/26/2010,2010,Nantucket Fish,,74.5,189.23,150-199,173,216.25,98.091,,2,Y,Y,Whole,Whole,0.1052,0.1006,1.619,0.419,1.635,0.416,L
091-2010,-8.03,-1.06,0.035,0.021,y,8/18/2010,2010,Last One Too,,75,190.5,150-199,166,207.5,94.122,,2,Y,Y,Whole,Whole,0.1109,0.1052,1.613,0.424,1.647,0.421,R
245-2010,-8.02,-0.87,0.015,0.021,y,10/10/2010,2010,Last One Too,,75,190.5,150-199,177,221.25,100.359,M,2,Y,Y,Whole,Whole,0.1244,0.1221,1.701,0.432,1.755,0.432,L
148-2010,-8,-1.25,0.016,0.018,y,9/5/2010,2010,Felcia Ann,,75,190.5,150-199,187,233.75,106.029,,2,Y,Y,Whole,Whole,0.119,0.1186,1.648,0.414,1.662,0.408,L
268-2010,-7.91,-0.61,0.008,0.009,y,10/24/2010,2010,Patricia Elaine,,75,190.5,150-199,165,206.25,93.555,,2,Y,Y,Whole,Whole,0.0991,0.1043,1.48,0.413,1.496,0.445,L
224-2010,-7.76,-0.84,0.052,0.039,y,10/3/2010,2010,Mar+Lin,,75,190.5,150-199,179,223.75,101.493,,2,Y,Y,Whole,Whole,0.1094,0.1072,1.677,0.435,1.664,0.416,L
184-2010,-7.72,-0.69,0.018,0.053,y,9/15/2010,2010,Dixie Lynn,,75,190.5,150-199,174,217.5,98.658,F,2,Y,Y,Whole,Whole,0.0923,0.0943,1.58,0.379,1.672,0.384,R
108-2010,-7.64,-0.73,0.033,0.05,y,8/28/2010,2010,Jamie Girl,,75,190.5,150-199,169,211.25,95.823,F,2,Y,Y,Whole,Whole,0.1092,0.1103,1.573,0.435,1.653,0.44,R
240-2010,-7.42,-1.16,0.032,0.012,y,10/18/2010,2010,Dixie Lynn,,75,190.5,150-199,190,237.5,107.73,,2,Y,Y,Whole,Whole,0.0985,0.1047,1.621,0.408,1.651,0.416,L
156-2010,-7.29,-1.27,0.015,0.034,y,9/13/2010,2010,,,75,190.5,150-199,189,236.25,107.163,,2,Y,Y,Whole,Whole,0.1158,0.1095,1.632,0.427,1.584,0.427,R
064-2010,-7.28,-0.98,0.023,0.03,y,8/11/2010,2010,Compadre,,75,190.5,150-199,166,207.5,94.122,,2,Y,Y,Whole,Whole,0.1214,0.1244,1.621,0.491,1.643,0.48,R
244-2010,-8.06,-0.87,0.024,0.008,y,10/11/2010,2010,Dixie Lynn,,76,193.04,150-199,208,260,117.936,M,2,Y,Y,Whole,Whole,0.1008,0.1045,1.608,0.403,1.656,0.411,R
260-2010,-7.66,-0.85,0.033,0.018,y,10/25/2010,2010,Nantucket Fish,,76,193.04,150-199,192,240,108.864,,2,Y,Y,Whole,Broken tip,0.1146,NA,1.653,0.443,NA,0.437,R
072-2010,-7.28,-1.05,0.063,0.006,y,8/13/2010,2010,Last One Too,,76,193.04,150-199,166,207.5,94.122,,2,Y,Y,Whole,Whole,0.1183,0.1115,1.773,0.419,1.797,0.424,R
265-2010,-8.66,-0.89,0.014,0.005,y,10/20/2010,2010,Annie B,,77,195.58,150-199,165,206.25,93.555,,2,Y,Y,Broken tip,Whole,NA,0.1207,NA,0.44,1.675,0.456,R
192-2010,-8.07,-0.77,0.026,0.078,y,9/21/2010,2010,Melanie Jean,,77,195.58,150-199,198,247.5,112.266,,2,Y,Y,Whole,Whole,0.0942,0.0997,1.525,0.448,1.56,0.432,L
243-2010,-7.89,-1.01,0.007,0.041,y,10/12/2010,2010,Melanie Jeane,,77,195.58,150-199,185,231.25,104.895,F,2,Y,Y,Whole,Broken tip,0.1284,NA,1.763,0.456,NA,0.451,L
217-2010,-7.8,-0.69,0.02,0.052,y,9/23/2010,2010,Sandy Lynn,,77,195.58,150-199,168,210,95.256,F,2,Y,Y,Whole,Whole,0.1133,0.1065,1.696,0.424,1.651,0.429,R
186-2010,-7.71,-0.8,0.038,0.022,y,9/16/2010,2010,Dixie Lynn,,77,195.58,150-199,184,230,104.328,,2,Y,Y,Broken tip,Broken tip,NA,NA,1.501,0.392,NA,0.408,R
149-2010,-7.58,-0.6,0.022,0.013,y,9/8/2010,2010,,,77,195.58,150-199,176,220,99.792,,2,Y,Y,Whole,Whole,0.1059,0.1019,1.656,0.392,1.683,0.376,L
197-2010,-7.06,-0.76,0.024,0.023,y,9/20/2010,2010,Janice Marie,,77,195.58,150-199,203,253.75,115.101,,2,Y,Y,Whole,Whole,0.1104,0.1037,1.645,0.435,1.629,0.44,R
195-2010,-8.31,-0.83,0.033,0.018,y,9/19/2010,2010,Call of Wild,,79,200.66,200-249,248,310,140.616,F,2,Y,Y,Whole,Whole,0.1371,0.1348,1.776,0.464,1.837,0.469,L
221-2010,-7.98,-0.85,0.025,0.012,y,9/24/2010,2010,Janice Marie,,79,200.66,200-249,216,270,122.472,,2,Y,Y,Whole,Whole,0.1288,0.1251,1.653,0.456,1.688,0.477,L
177-2010,-7.8,-0.8,0.021,0.049,y,9/16/2010,2010,Katie Z,,79,200.66,200-249,222,277.5,125.874,,2,Y,Y,Broken tip,Broken tip,NA,NA,NA,0.435,NA,0.453,R
140-2010,-7.43,-1.04,0.015,0.026,y,9/1/2010,2010,Fish Tales,,79,200.66,200-249,200,250,113.4,,2,Y,Y,Whole,Whole,0.1125,0.1087,1.603,0.451,1.595,0.432,L
328-2010,-8.11,-0.61,0.066,0.019,y,6/21/2010,2010,,,80,203.2,200-249,216,270,122.472,M,2,Y,Y,Whole,Whole,0.1601,0.1496,1.912,0.44,1.925,0.451,R
267-2010,-7.91,-0.77,0.008,0.031,y,10/24/2010,2010,Sarah Beth,,80,203.2,200-249,229,286.25,129.843,,2,Y,Y,Whole,Whole,0.1415,0.1403,1.651,0.44,1.717,0.477,R
143-2010,-7.85,-0.95,0.011,0.031,y,9/1/2010,2010,Dixie Lynn,,80,203.2,200-249,158,197.5,89.586,F,2,Y,Y,Broken tip (pieces included),Whole,0.1204,0.1166,NA,0.437,1.73,0.411,L
042-2010,-7.78,-0.67,0.01,0.016,y,8/6/2010,2010,First Lady,,80,203.2,200-249,227,283.75,128.709,,2,Y,Y,Whole,Broken tip (broke after weighing and measuring),0.1153,0.1066,1.549,0.437,1.552,0.451,L
044-2010,-7.42,-0.73,0.034,0.033,y,8/8/2010,2010,Saga II,,80,203.2,200-249,238,297.5,134.946,,2,Y,Y,Whole,Whole,0.1533,0.1462,1.756,0.48,1.709,0.491,R
251-2010,-8.82,-1.36,0.018,0.011,y,10/21/2010,2010,Nantucket Fish,,81,205.74,200-249,231,288.75,130.977,,2,Y,Y,Whole,Broken tip,0.1459,NA,1.792,0.493,1.84,0.427,L
125-2010,-7.59,-1.07,0.033,0.022,y,8/29/2010,2010,Schyler Ann,,81,205.74,200-249,233,291.25,132.111,,2,Y,Y,Broken tip (after weighing),Whole,0.1618,0.1743,NA,0.469,1.907,0.432,L
110-2010,-7.33,-0.74,0.022,0.028,y,8/28/2010,2010,Sandy Lynn,,81,205.74,200-249,251,313.75,142.317,,2,Y,Y,Whole,Broken tip,0.1341,NA,1.816,0.429,NA,0.443,R
060-2010,-7.31,-1.05,0.007,0.063,y,8/10/2010,2010,Working Girl,,81,205.74,200-249,241,301.25,136.647,,2,Y,Y,Whole,Whole,0.132,0.1318,1.725,0.429,1.715,0.421,R
113-2010,-7.29,-0.74,0.01,0.05,y,8/28/2010,2010,Patricia Elaine,,81,205.74,200-249,202,252.5,114.534,F,2,Y,Y,Whole,Broken tip,0.1408,NA,1.789,0.485,NA,0.485,L
081-2010,-7.19,-1.29,0.004,0.053,y,8/15/2010,2010,Fire Fly,,81,205.74,200-249,211,263.75,119.637,,2,Y,Y,Whole,Whole,0.1341,0.1333,1.645,0.44,1.682,0.437,L
052-2010,-8.05,-0.7,0.009,0.012,y,8/9/2010,2010,Dixie Lynn,,82,208.28,200-249,232,290,131.544,,2,Y,Y,Whole,Whole,0.1504,0.1427,1.84,0.472,1.803,0.485,R
009-2010,-7.79,-0.69,0.022,0.047,y,7/25/2010,2010,Jamie Girl,,82,208.28,200-249,204,255,115.668,,2,Y,Y,Broken tip,Broken tip (pieces included),NA,0.1172,NA,0.469,NA,0.475,L
257-2010,-7.46,-0.96,0.01,0.059,y,10/26/2010,2010,Nantucket Fish,,82,208.28,200-249,236,295,133.812,,2,Y,Y,Whole,Whole,0.1238,0.1233,1.629,0.437,1.645,0.442,L
232-2010,-7.85,-0.63,0.021,0.05,y,9/28/2010,2010,Janice Marie,,83,210.82,200-249,262,327.5,148.554,,2,Y,Y,Whole,Whole,0.1305,0.1312,1.659,0.483,1.691,0.475,R
199-2010,-7.4,-0.92,0.006,0.032,y,9/21/2010,2010,,,83,210.82,200-249,287,358.75,162.729,,2,Y,Y,Whole,Whole,0.1497,0.1478,1.76,0.48,1.803,0.464,R
222-2010,-7.35,-0.59,0.009,0.063,y,9/24/2010,2010,Jamie Girl,,83,210.82,200-249,247,308.75,140.049,M,2,Y,Y,Whole,Whole,0.112,0.1132,1.499,0.427,1.616,0.429,R
080-2010,-7.33,-0.72,0.032,0.014,y,8/10/2010,2010,Marlo J,,83,210.82,200-249,242,302.5,137.214,,2,Y,Y,Whole,Whole,0.1483,0.1382,1.891,0.485,1.845,0.493,R
092-2010,-7.24,-0.85,0.024,0.046,y,8/20/2010,2010,Last One Too,,83,210.82,200-249,299,373.75,169.533,,2,Y,Y,Whole,Whole,0.1266,0.1266,1.611,0.493,1.664,0.467,L
322-2010,-7.08,-0.71,0.013,0.065,y,11/3/2010,2010,Katiez,,83,210.82,200-249,245,306.25,138.915,,2,Y,Y,Broken tip,Whole,NA,0.1267,NA,0.421,1.903,0.411,L
010-2010,-8.18,-0.75,0.025,0.04,y,7/27/2010,2010,Sweet Jan,,84,213.36,200-249,247,308.75,140.049,,2,Y,Y,Broken tip,Whole,NA,0.1289,NA,0.491,1.723,0.458,R
061-2010,-7.69,-0.63,0.023,0.028,y,8/10/2010,2010,Lady Victoria,,84,213.36,200-249,244,305,138.348,,2,Y,Y,Whole,Whole,0.129,0.1256,1.752,0.501,1.771,0.477,R
253-2010,-7.56,-0.73,0.019,0.04,y,10/21/2010,2010,Nantucket Fish,,84,213.36,200-249,254,317.5,144.018,,2,Y,Y,Whole,Whole,0.1412,0.1432,1.832,0.432,1.827,0.437,R
330-2010,-7.49,-0.75,0.008,0.041,y,6/25/2010,2010,,,84,213.36,200-249,243,303.75,137.781,,2,Y,Y,Whole,Whole,0.1226,0.1227,1.665,0.453,1.688,0.44,R
138-2010,-7.32,-0.84,0.019,0.024,y,9/1/2010,2010,Last One Too,,84,213.36,200-249,262,327.5,148.554,M,2,Y,Y,Whole,Whole,0.1501,0.1471,1.877,0.507,1.851,0.499,L
175-2010,-8.23,-1.02,0.025,0.03,y,9/12/2010,2010,Sandy Lynn,,85,215.9,200-249,265,331.25,150.255,M,2,Y,Y,Whole,Whole,0.1275,0.1332,1.616,0.483,1.734,0.477,R
261-2010,-8,-0.74,0.011,0.049,y,10/25/2010,2010,Nantucket Fish,,85,215.9,200-249,276,345,156.492,,2,Y,Y,Whole,Whole,0.1368,0.1319,1.677,0.445,1.725,0.469,L
056-2010,-7.89,-1.19,0.055,0.099,y,8/9/2010,2010,Janice Marie,,85,215.9,200-249,246,307.5,139.482,,2,Y,Y,Whole,Whole,0.163,0.1603,1.805,0.523,1.728,0.507,R
139-2010,-7.72,-0.61,0.013,0.007,y,9/1/2010,2010,Fish Tales,,85,215.9,200-249,248,310,140.616,,2,Y,Y,Whole,Whole,0.1238,0.1277,1.747,0.416,1.811,0.429,L
071-2010,-7.7,-0.94,0.047,0.054,y,8/14/2010,2010,Lucky Me,,85,215.9,200-249,280,350,158.76,,2,Y,Y,Whole,Whole,0.1364,0.1378,1.733,0.456,1.791,0.459,R
132-2010,-7.7,-1.07,0.035,0.032,y,9/6/2010,2010,Reel Tight,,85,215.9,200-249,273,341.25,154.791,,2,Y,Y,Broken tip (pieces included),Broken tip  (pieces included),0.1485,0.145,NA,0.491,NA,0.504,R
234-2010,-7.52,-0.69,0.031,0.061,y,9/26/2010,2010,Last One Too,,85,215.9,200-249,256,320,145.152,F,2,Y,Y,Whole,Broken tip,0.1409,NA,1.784,0.451,NA,0.454,R
077-2010,-7.48,-1.23,0.017,0.039,y,8/17/2010,2010,No Name,,85,215.9,200-249,260,325,147.42,,2,Y,Y,Broken tip,Whole,NA,0.1511,NA,0.464,1.925,0.483,R
104-2010,-7.43,-0.59,0.057,0.082,y,8/22/2010,2010,Noone,,85,215.9,200-249,271,338.75,153.657,,2,Y,Y,Whole,Whole,0.1295,0.1297,1.637,0.483,1.669,0.477,R
067-2010,-7.1,-0.63,0.02,0.043,y,8/12/2010,2010,Shelly Marie,,85,215.9,200-249,310,387.5,175.77,,2,Y,Y,Whole,Whole,0.1569,0.155,1.661,0.491,1.669,0.504,L
121-2010,-7.08,-0.82,0.006,0.015,y,8/31/2010,2010,Reel Tight,,85,215.9,200-249,280,350,158.76,,2,Y,Y,Whole,Whole,0.1179,0.1146,1.763,0.429,1.747,0.413,R
099-2010,-6.74,-0.77,0.008,0.029,y,8/19/2010,2010,First Lady,,85,215.9,200-249,260,325,147.42,,2,Y,Y,Broken tip,Broken tip,NA,NA,NA,0.456,NA,0.443,R
248-2010,-8.79,-1.21,0.031,0.007,y,10/14/2010,2010,Sandy Lynn,,86,218.44,200-249,305,381.25,172.935,,2,Y,Y,Whole,Whole,0.1292,0.1351,1.715,0.424,1.776,0.416,R
152-2010,-7.97,-0.88,0.018,0.034,y,9/8/2010,2010,Sandy Lynn,,86,218.44,200-249,271,338.75,153.657,,2,Y,Y,Broken tip,Whole,NA,0.1304,NA,0.435,1.883,0.432,R
216-2010,-7.81,-0.79,0.017,0.011,y,9/23/2010,2010,Dixie Lynn,,86,218.44,200-249,259,323.75,146.853,M,2,Y,Y,Whole,Whole,0.1388,0.138,1.744,0.472,1.795,0.459,L
160-2010,-7.78,-0.74,0.006,0.063,y,9/11/2010,2010,,,86,218.44,200-249,298,372.5,168.966,,2,Y,Y,Whole,Broken tip,0.147,NA,1.917,0.469,2.043,4.613,R
028-2010,-7.58,-0.98,0.007,0.037,y,7/31/2010,2010,Special K,,86,218.44,200-249,267,333.75,151.389,,2,Y,Y,Whole,Whole,0.2193,0.2333,2.061,0.493,2.187,0.509,R
021-2010,-7.54,-1.17,0.015,0.016,y,8/1/2010,2010,Sarah Kelly,,86,218.44,200-249,278,347.5,157.626,F,2,Y,Y,Broken tip,Whole,NA,0.1322,NA,0.413,1.827,0.44,L
231-2010,-7.37,-0.56,0.01,0.038,y,9/29/2010,2010,No Excuse,,86,218.44,200-249,290,362.5,164.43,M,2,Y,Y,Whole,Whole,0.1134,0.1086,1.623,0.456,1.579,0.459,R
096-2010,-7.19,-0.73,0.075,0.013,y,8/21/2010,2010,Skyler Ann,,86,218.44,200-249,257,321.25,145.719,,2,Y,Y,Whole,Whole,0.1641,0.1583,1.92,0.461,1.912,0.485,L
250-2010,-9.11,-1,0.019,0.027,y,10/21/2010,2010,Nantucket Fish,,87,220.98,200-249,281,351.25,159.327,,2,Y,Y,Whole,Broken tip,0.1335,NA,1.771,0.448,NA,0.461,L
054-2010,-7.66,-1.18,0.005,0.007,y,8/9/2010,2010,Patti B,,87,220.98,200-249,282,352.5,159.894,,2,Y,Y,Whole,Broken tip,0.151,NA,1.789,0.474,1.747,0.454,R
129-2010,-7.6,-0.89,0.024,0.021,y,9/6/2010,2010,Fish Tales,,87,220.98,200-249,277,346.25,157.059,,2,Y,Y,Whole,Whole,0.1221,0.1218,1.704,0.469,1.792,0.469,L
155-2010,-7.53,-0.8,0.011,0.058,y,9/14/2010,2010,Last One Too,,87,220.98,200-249,277,346.25,157.059,M,2,Y,Y,Whole,Whole,0.1031,0.1106,1.555,0.456,1.628,0.482,R
065-2010,-7.39,-0.96,0.016,0.006,y,8/11/2010,2010,Sarah Kelly,,87,220.98,200-249,294,367.5,166.698,,2,Y,Y,Whole,Whole,0.1622,0.1642,1.907,0.445,1.96,0.456,R
228-2010,-7.38,-0.66,0.035,0.034,y,9/25/2010,2010,Jamie Girl,,87,220.98,200-249,284,355,161.028,F,2,Y,Y,Broken tip (pieces included),Whole,0.1306,0.1344,NA,0.459,1.853,0.456,R
039-2010,-7.13,-0.91,0.01,0.062,y,8/3/2010,2010,Melanie Jeanne,,87,220.98,200-249,259,323.75,146.853,M,2,Y,Y,Whole,Broken tip,0.1101,NA,1.773,0.403,NA,0.412,R
165-2010,-7.77,-0.56,0.021,0.043,y,9/10/2010,2010,No Excuse,,88,223.52,200-249,316,395,179.172,,2,Y,Y,Whole,Broken tip (after weighing),0.1664,0.1668,1.597,0.504,NA,0.533,R
068-2010,-7.61,-1.01,0.006,0.015,y,8/12/2010,2010,Lorianne,,88,223.52,200-249,263,328.75,149.121,,2,Y,Y,Whole,Broken tip,0.1737,NA,1.859,0.475,NA,0.477,L
207-2010,-7.06,-0.97,0.01,0.021,y,9/14/2010,2010,Sea Dancer,,88,223.52,200-249,280,350,158.76,,2,Y,Y,Broken tip,Whole,NA,0.1298,NA,0.403,1.752,0.408,L
118-2010,-6.76,-0.9,0.012,0.007,y,8/31/2010,2010,Patti B,,88,223.52,200-249,261,326.25,147.987,,2,Y,Y,Whole,Whole,0.1379,0.1372,1.717,0.467,1.733,0.485,L
266-2010,-8.45,-0.97,0.017,0.023,y,10/28/2010,2010,,,89,226.06,200-249,312,390,176.904,,2,Y,Y,Whole,Whole,0.2079,0.2072,1.973,0.545,1.984,0.525,L
180-2010,-7.93,-0.73,0.021,0.049,y,9/15/2010,2010,,,89,226.06,200-249,298,372.5,168.966,,2,Y,Y,Whole,Whole,0.16,0.1578,1.736,0.483,1.725,0.499,R
038-2010,-7.78,-1.03,0.069,0.071,y,8/3/2010,2010,Reel Tight,,89,226.06,200-249,260,325,147.42,M,2,Y,Y,Broken tip,Whole,NA,0.1551,NA,0.474,1.808,0.467,R
230-2010,-7.7,-1.19,0.036,0.019,y,9/29/2010,2010,Rimrack,,89,226.06,200-249,284,355,161.028,F,2,Y,Y,Whole,Whole,0.1628,0.1519,1.845,0.469,1.805,0.437,L
264-2010,-7.67,-0.88,0.027,0.047,y,10/20/2010,2010,Dixie Lynn,,89,226.06,200-249,271,338.75,153.657,,2,Y,Y,Whole,Broken tip,0.1629,NA,1.789,0.499,NA,0.504,L
326-2010,-7.54,-0.53,0.008,0.016,y,6/29/2010,2010,Karen Elaine,,89,226.06,200-249,300,375,170.1,,2,Y,Y,Whole,Broken tip,0.1378,NA,1.672,0.448,NA,0.461,L
057-2010,-7.39,-1.02,0.007,0.039,y,8/10/2010,2010,Dixie Lynn,,89,226.06,200-249,300,375,170.1,,2,Y,Y,Whole,Whole,0.157,0.1501,1.739,0.473,1.755,0.525,R
106-2010,-7.24,-0.75,0.015,0.01,y,8/29/2010,2010,See Fish,,89,226.06,200-249,234,292.5,132.678,,2,Y,Y,Whole,Broken tip,0.1888,NA,2.085,0.485,NA,0.482,L
084-2010,-8.13,-1.32,0.014,0.011,y,8/14/2010,2010,No Excuse,,90,228.6,200-249,309,386.25,175.203,,2,Y,Y,Broken tip,Whole,NA,0.1364,NA,0.467,1.643,0.467,R
016-2010,-7.83,-0.71,0.017,0.031,y,7/28/2010,2010,Reel Tight,,90,228.6,200-249,305,381.25,172.935,F,2,Y,Y,Broken tip,Broken tip,NA,NA,1.608,0.491,NA,0.488,L
030-2010,-7.71,-0.68,0.024,0.079,y,8/2/2010,2010,Calculated Risk,,90,228.6,200-249,333,416.25,188.811,,2,Y,Y,Broken tip,Whole,NA,0.1514,NA,0.483,1.784,0.477,L
002-2010,-7.56,-1.15,0.027,0.078,y,7/23/2010,2010,No Excuse,,90,228.6,200-249,305,381.25,172.935,M,2,Y,Y,Broken tip,Broken tip (pieces included),NA,0.1576,NA,0.479,NA,0.456,R
167-2010,-7.22,-0.46,0.01,0.037,y,9/11/2010,2010,,,90,228.6,200-249,286,357.5,162.162,,2,Y,Y,Whole,Whole,0.1287,0.1309,1.8,0.429,1.88,0.44,L
022-2010,-7.17,-1.17,0.027,0.013,y,8/1/2010,2010,Special K,,90,228.6,200-249,298,372.5,168.966,,2,Y,Y,Whole,Whole,0.1435,0.1484,1.64,0.451,1.784,0.467,R
043-2010,-7.1,-0.68,0.058,0.014,y,8/8/2010,2010,Jamie Girl,,90,228.6,200-249,287,358.75,162.729,,2,Y,Y,Whole,Whole,0.2007,0.208,2.085,0.488,2.061,0.522,R
079-2010,-7.9,-1.44,0.008,0.036,y,8/12/2010,2010,Katie Z,,91,231.14,200-249,377,471.25,213.759,,2,Y,Y,Whole,Broken tip (pieces included),0.1575,0.1672,1.699,0.491,NA,0.499,R
032-2010,-7.42,-1.1,0.004,0.019,y,8/4/2010,2010,First Lady,,91,231.14,200-249,285,356.25,161.595,M,2,Y,Y,Broken tip (pieces included),Whole,0.1529,0.152,NA,0.475,1.693,0.461,L
164-2010,-7.34,-1.13,0.011,0.044,y,9/11/2010,2010,,,91,231.14,200-249,317,396.25,179.739,,2,Y,Y,Whole,Whole,0.1531,0.1473,1.687,0.525,1.699,0.507,L
262-2010,-7.23,-0.78,0.019,0.092,y,10/24/2010,2010,Nantucket Fish,,91,231.14,200-249,324,405,183.708,,2,Y,Y,Whole,Whole,0.186,0.1824,1.805,0.528,1.849,0.525,L
074-2010,-7.83,-0.6,0.01,0.017,y,8/14/2010,2010,Black Dog,,93,236.22,200-249,298,372.5,168.966,,2,Y,Y,Whole,Whole,0.1608,0.1643,1.779,0.515,1.813,0.512,L
003-2010,-7.73,-0.71,0.037,0.037,y,7/25/2010,2010,Lucky Suzie,,93,236.22,200-249,320,400,181.44,,2,Y,Y,Whole,Broken tip,0.1973,NA,1.885,0.493,NA,0.483,L
254-2010,-7.67,-0.65,0.079,0.046,y,10/21/2010,2010,Nantucket Fish,,93,236.22,200-249,362,452.5,205.254,,2,Y,Y,Whole,Whole,0.1919,0.1984,1.923,0.467,1.948,0.486,R
198-2010,-7.43,-0.51,0.02,0.033,y,9/20/2010,2010,Dixie Lynn,,93,236.22,200-249,273,341.25,154.791,F,2,Y,Y,Whole,Whole,0.1926,0.195,1.973,0.512,2.008,0.541,L
041-2010,-8.09,-1.31,0.036,0.053,y,8/5/2010,2010,Mary Joseph,,94,238.76,200-249,372,465,210.924,,2,Y,Y,Broken tip,Whole,NA,0.2093,1.917,0.539,1.928,0.531,R
105-2010,-8.03,-0.7,0.038,0.048,y,8/19/2010,2010,Double Trouble,,94,238.76,200-249,328,410,185.976,,2,Y,Y,Whole,Broken tip,0.193,NA,1.883,0.523,NA,0.523,R
237-2010,-7.67,-1.19,0.012,0.034,y,10/13/2010,2010,Katie Z,,94,238.76,200-249,350,437.5,198.45,,2,Y,Y,Broken tip,Whole,NA,0.1587,NA,0.523,1.797,0.52,R
241-2010,-7.59,-1.08,0.019,0.022,y,10/11/2010,2010,Melamie Jeane,,94,238.76,200-249,344,430,195.048,F,2,Y,Y,Whole,Broken tip,0.2416,NA,1.989,0.507,1.973,0.541,R
103-2010,-7.35,-1.29,0.022,0.053,y,8/18/2010,2010,Sandy Lynn,,94,238.76,200-249,435,543.75,246.645,,2,Y,Y,Whole,Whole,0.215,0.2145,1.933,0.477,1.957,0.501,R
012-2010,-6.9,-0.66,0.015,0.031,y,7/27/2010,2010,Dixie Lynn,,94,238.76,200-249,334,417.5,189.378,M,2,Y,Y,Whole,Broken tip,0.1556,NA,1.723,0.499,NA,0.504,R
034-2010,-7.24,-0.57,0.011,0.047,y,8/4/2010,2010,Last One Too,,95,241.3,200-249,385,481.25,218.295,M,2,Y,Y,Broken tip (after weighing),Broken tip,0.1528,NA,NA,0.454,NA,0.433,L
078-2010,-8.03,-1.06,0.011,0.057,y,8/14/2010,2010,Compadre,,96,243.84,200-249,408,510,231.336,,2,Y,Y,Whole,Whole,0.2117,0.2053,1.968,0.477,1.928,0.483,R
183-2010,-7.24,-0.86,0.02,0.005,y,9/15/2010,2010,,,97,246.38,200-249,389,486.25,220.563,,2,Y,Y,Whole,Whole,0.2096,0.1976,1.883,0.531,1.792,0.509,R
066-2010,-6.97,-1.27,0.006,0.057,y,8/11/2010,2010,Currency,,97,246.38,200-249,396,495,224.532,,2,Y,Y,Whole,Broken tip (pieces included),0.1735,0.1603,2.024,0.493,NA,0.464,R
307-2010,-7.11,-1.18,0.03,0.085,y,8/31/2010,2010,,,98,248.92,200-249,,,,F,2,Y,Y,Whole,Broken tip,0.1935,NA,1.883,0.493,NA,0.488,L
059-2010,-7.69,-0.75,0.045,0.025,y,8/10/2010,2010,Lady Skye,,98,248.92,200-249,437,546.25,247.779,,2,Y,Y,Whole,Whole,0.1615,0.1636,1.8,0.435,1.835,0.464,L
128-2010,-7.39,-0.79,0.007,0.032,y,9/7/2010,2010,Dixie Lynn,,98,248.92,200-249,356,445,201.852,,2,Y,Y,Whole,Whole,0.1955,0.184,1.796,0.553,1.787,0.499,R
013-2010,-7.6,-0.67,0.023,0.006,y,7/27/2010,2010,Dixie Lynn,,99,251.46,250-300,409,511.25,231.903,M,2,Y,Y,Broken tip,Broken tip,NA,NA,1.699,0.477,1.723,0.475,L
050-2010,-7.6,-1.15,0.019,0.094,y,8/9/2010,2010,Saga II,,99,251.46,250-300,425,531.25,240.975,,2,Y,Y,Whole,Broken tip (pieces included),0.1656,0.1622,1.835,0.523,NA,0.517,L
210-2010,-7.56,-1.3,0.017,0.012,y,9/12/2010,2010,Sea Dancer,,99,251.46,250-300,383,478.75,217.161,,2,Y,Y,Whole,Whole,0.2571,0.2445,2.221,0.493,2.112,0.477,L
204-2010,-7.42,-0.83,0.037,0.007,y,9/12/2010,2010,Barbara O,,99,251.46,250-300,404,505,229.068,,2,Y,Y,Broken tip (pieces included),Whole,0.2431,0.2311,NA,0.507,2.024,0.541,R
001-2010,-7.26,-1.13,0.005,0.081,y,7/25/2010,2010,Last One Too,,99,251.46,250-300,405,506.25,229.635,,2,Y,Y,Broken tip,Broken tip (pieces included),NA,0.2191,NA,0.539,NA,0.536,R
018-2010,-7.05,-1.12,0.017,0.009,y,8/2/2010,2010,Patricia Elaine,,99,251.46,250-300,403,503.75,228.501,M,2,Y,Y,Broken tip,Whole,NA,0.17,NA,0.446,1.875,0.419,R
188-2010,-7.94,-1.24,0.019,0.034,y,9/12/2010,2010,Sea Dancer,,100,254,250-300,453,566.25,256.851,,2,Y,Y,Whole,Whole,0.2618,0.27,1.867,0.568,1.981,0.589,L
026-2010,-7.43,-1.37,0.014,0.015,y,8/1/2010,2010,Dixie Lynn,,100,254,250-300,454,567.5,257.418,M,2,Y,Y,Broken tip,Whole,NA,0.2058,NA,0.491,1.971,0.472,R
004-2010,-7.34,-0.84,0.02,0.044,y,7/23/2010,2010,Pauline and Patricia,,100,254,250-300,431,538.75,244.377,M,2,Y,Y,Whole,Whole,0.2405,0.2371,1.904,0.547,1.957,0.549,L
040-2010,-7.26,-0.96,0.026,0.049,y,8/5/2010,2010,First Lady,,100,254,250-300,426,532.5,241.542,,2,Y,Y,Broken tip,Whole,NA,0.22,1.84,0.544,1.958,0.549,L
205-2010,-7.64,-1.18,0.021,0.03,y,9/14/2010,2010,Sea Dancer,,101,256.54,250-300,394,492.5,223.398,,2,Y,Y,Whole,Whole,0.2034,0.2169,1.869,0.475,1.941,0.464,L
215-2010,-7.03,-0.86,0.033,0.026,y,9/19/2010,2010,Andy Baler,,101,256.54,250-300,433,541.25,245.511,,2,Y,Y,Whole,Whole,0.1995,0.1963,1.824,0.475,1.939,0.469,R
088-2010,-7,-1.19,0.021,0.028,y,8/19/2010,2010,Calculated Risk,,101,256.54,250-300,487,608.75,276.129,,2,Y,Y,Whole,Whole,0.1671,0.1723,1.864,0.451,1.745,0.477,R
329-2010,-7.49,-1.21,0.039,0.014,y,6/25/2010,2010,Big Fish David,,101.25,257.175,250-300,473,591.25,268.191,F,2,Y,Y,Whole,Whole,0.2769,0.2858,2.12,0.517,2.131,0.549,R
025-2010,-7.76,-0.85,0.029,0.049,y,8/1/2010,2010,Last One Too,,102,259.08,250-300,468,585,265.356,M,2,Y,Y,Whole,Whole,0.2427,0.2438,2.104,0.571,2.115,0.576,R
023-2010,-7.72,-1.67,0.025,0.021,y,8/1/2010,2010,Sarah Beth,,102,259.08,250-300,446,557.5,252.882,,2,Y,Y,Broken tip,Whole,NA,0.1786,NA,0.488,1.902,0.467,R
087-2010,-7.54,-1.41,0.016,0.033,y,8/18/2010,2010,Last One Too,,102,259.08,250-300,414,517.5,234.738,,2,Y,Y,Whole,Broken tip,0.2064,NA,1.953,0.515,1.915,0.492,R
019-2010,-7.54,-1.12,0.04,0.038,y,8/2/2010,2010,Dixie Lynn,,102,259.08,250-300,417,521.25,236.439,F,2,Y,Y,Broken tip,Whole,NA,0.2007,1.963,0.499,1.944,0.491,L
007-2010,-7.3,-1.15,0.017,0.043,y,7/26/2010,2010,Dixie Lynn,,102,259.08,250-300,422,527.5,239.274,,2,Y,Y,Whole,Whole,0.189,0.2016,1.837,0.488,1.944,0.512,L
027-2010,-8.14,-0.85,0.022,0.006,y,8/1/2010,2010,Patricia Elaine,,103,261.62,250-300,434,542.5,246.078,M,2,Y,Y,Whole,Whole,0.19,0.1882,1.813,0.493,1.859,0.499,L
191-2010,-7.64,-1.6,0.009,0.049,y,9/19/2010,2010,First Lady,,103,261.62,250-300,483,603.75,273.861,M,2,Y,Y,Whole,Whole,0.2191,0.2219,2.045,0.485,2.067,0.515,R
208-2010,-7.34,-1.23,0.045,0.083,y,9/12/2010,2010,Barbara O,,103,261.62,250-300,560,700,317.52,,2,Y,Y,Whole,Whole,0.2756,0.2676,2.163,0.611,2.144,0.576,L
305-2010,-7.83,-1.03,0.009,0.034,y,8/31/2010,2010,,,104,264.16,250-300,,,,M,2,Y,Y,Whole,Whole,0.2466,0.2356,1.947,0.544,1.893,0.507,L
005-2010,-7.79,-0.69,0.028,0.021,y,7/20/2010,2010,Pauline and Patricia,,104,264.16,250-300,416,520,235.872,,2,Y,Y,Whole,Broken tip (pieces included),0.1135,0.1118,1.611,0.419,NA,0.413,L
011-2010,-7.63,-1.16,0.005,0.037,y,7/27/2010,2010,No Excuse,,104,264.16,250-300,528,660,299.376,M,2,Y,Y,Whole,Broken tip,0.2432,NA,2.051,0.491,NA,0.515,L
098-2010,-7.03,-1.42,0.02,0.057,y,8/18/2010,2010,Ambush,,104,264.16,250-300,525,656.25,297.675,,2,Y,Y,Whole,Whole,0.2256,0.2195,1.835,0.477,1.837,0.517,R
206-2010,-6.94,-1.01,0.03,0.042,y,9/12/2010,2010,Sea Dancer,,104,264.16,250-300,474,592.5,268.758,,2,Y,Y,Whole,Whole,0.2187,0.223,1.92,0.499,1.914,0.52,R
163-2010,-6.7,-0.84,0.015,0.018,y,9/11/2010,2010,,,104,264.16,250-300,528,660,299.376,M,2,Y,Y,Whole,Whole,0.2484,0.2473,2.029,0.517,1.914,0.512,R
259-2010,-7.24,-1.2,0.045,0.089,y,10/24/2010,2010,Nantucket Fish,,105,266.7,250-300,623,778.75,353.241,,2,Y,Y,Whole,Whole,0.2732,0.2738,2.145,0.507,2.141,0.518,R
309-2010,-7.59,-0.9,0.02,0.045,y,9/1/2010,2010,,,106,269.24,250-300,,,,M,2,Y,Y,Broken tip,Whole,NA,0.2817,NA,0.579,2.123,0.531,R
024-2010,-7.36,-1.26,0.002,0.038,y,8/1/2010,2010,McNasty,,106,269.24,250-300,459,573.75,260.253,F,2,Y,Y,Whole,Broken tip,0.1992,NA,1.969,0.472,NA,0.496,L
020-2010,-7.66,-1.3,0.009,0.014,y,8/2/2010,2010,Working Girl,,108,274.32,250-300,452,565,256.284,M,2,Y,Y,Whole,Broken tip,0.2301,NA,1.915,0.528,NA,0.561,L
263-2010,-7.5,-0.88,0.007,0.048,y,10/20/2010,2010,Annie B,,112,284.48,250-300,607,758.75,344.169,,2,Y,Y,Whole,Whole,0.2242,0.2131,2.008,0.44,1.923,0.477,L
476-2011,-7.47,-0.87,0.014,0.032,y,7/15/2011,2011,,the Fingers,33,83.82,100-149,,,,M,1,N,Y,NA,Broken tip,NA,NA,NA,NA,NA,0.281,R
477-2011,-7.98,-0.71,0.003,0.014,y,7/15/2011,2011,,the Fingers,39,99.06,100-149,,,,F,2,Y,Y,Whole,Broken tip (piece included),0.0436,0.0426,1.151,0.3399,NA,0.3452,R
507-2011,-8.11,-0.56,0.021,0.05,y,7/29/2011,2011,Tammy Rose,Crab Ledge,42,106.68,100-149,,,,F,2,Y,Y,Broken tip (piece included),Broken tip,0.0451,NA,NA,0.3345,NA,0.3238,R
496-2011,-9.4,-0.78,0.057,0.086,y,7/28/2011,2011,,,43,109.22,100-149,,,,,2,Y,Y,Whole,Broken tip,0.054,NA,1.303,0.3666,NA,0.3773,L
520-2011,-7.97,-0.68,0.016,0.062,y,9/2/2011,2011,Tammy Rose,41 43.780; 069 33.600,44,111.76,100-149,,,,M,2,Y,Y,Whole,Whole,0.0492,0.05,1.271,0.3746,1.282,0.3666,R
509-2011,-7.5,-1.08,0.026,0.043,y,8/6/2011,2011,Tammy Rose,Crab Ledge,44,111.76,100-149,,,,,2,Y,Y,Whole,Whole,0.0403,0.04,1.164,0.3051,1.177,0.3131,R
268-2011,-7.86,-0.77,0.022,0.072,y,9/10/2011,2011,Waterboy,,45,114.3,100-149,,52,23.59,,1,Y,N,Whole,NA,0.0526,NA,1.279,0.3211,NA,NA,L
512-2011,-7.32,-1.06,0.039,0.043,y,8/17/2011,2011,Tammy Rose,BC buoy,45,114.3,100-149,,,,F,2,Y,Y,Broken tip (piece included),Whole,0.055,0.0547,NA,0.3586,1.191,0.3559,L
529-2011,-8.3,-0.75,0.008,0.023,y,9/18/2011,2011,Tuna Fever,41 41.400; 069 52.500,46,116.84,100-149,,,,M,2,Y,Y,Whole,Broken tip,0.048,NA,1.196,0.3292,NA,0.3238,R
521-2011,-7.95,-0.75,0.042,0.041,y,9/14/2011,2011,Tammy Rose,41 41.400; 069 49.400,46,116.84,100-149,,,,M,2,Y,Y,Whole,Whole,0.0403,0.0431,1.108,0.3185,1.127,0.3211,L
545-2011,-7.24,-1.21,0.003,0.017,y,10/3/2011,2011,Tammy Rose,41 28,46,116.84,100-149,,,,F,1,N,Y,NA,Broken tip,NA,NA,NA,NA,NA,0.3158,R
531-2011,-7.91,-0.63,0.026,0.01,y,9/24/2011,2011,Tuna Fever,41 41; 069 52,46.5,118.11,100-149,,,,,2,Y,Y,Whole,Whole,0.041,0.0428,1.132,0.3077,1.159,0.3104,L
274-2011,-7.82,-1.09,0.046,0.053,y,9/11/2011,2011,We're Hooked,,46.5,118.11,100-149,,58,26.31,,1,N,Y,NA,Broken tip,NA,NA,NA,NA,NA,0.3372,R
530-2011,-7.48,-1.17,0.036,0.036,y,9/23/2011,2011,Tammy Rose,41 41.500; 069 52.400,46.5,118.11,100-149,,,,,2,Y,Y,Broken tip,Broken tip,NA,NA,NA,0.3506,NA,0.3399,L
549-2011,-7.34,-1.2,0.018,0.013,y,10/9/2011,2011,Tammy Rose,41 09.778,47,119.38,100-149,,,,M,2,Y,Y,Whole,Broken tip,0.06,NA,1.322,0.3586,NA,0.3693,L
546-2011,-7.32,-1.26,0.009,0.024,y,10/4/2011,2011,Tammy Rose,41 28,47,119.38,100-149,,,,M,2,Y,Y,Broken tip,Whole,NA,0.0509,NA,0.38,1.293,0.3479,L
562-2011,-6.88,-1.16,0.029,0.031,y,10/11/2011,2011,Tammy Rose,41 16.800,48,121.92,100-149,,,,F,2,Y,Y,Whole,Whole,0.046,0.0451,1.153,0.3265,1.169,0.3399,L
544-2011,-7.7,-1.3,0.011,0.06,y,10/2/2011,2011,Tuna Fever,"41 42,150",49,124.46,100-149,,,,F,1,Y,N,Whole,NA,0.053,NA,1.319,0.3345,NA,NA,L
511-2011,-7.74,-0.81,0.053,0.063,y,8/11/2011,2011,,,52,132.08,100-149,,,,,1,Y,N,Broken tip,NA,NA,NA,NA,0.3987,NA,NA,L
510-2011,-7.88,-0.92,0.016,0.053,y,8/11/2011,2011,Tuna Fever,Crab Ledge,54,137.16,100-149,,,,F,2,Y,Y,Broken tip,Broken tip (piece included),NA,0.074,1.432,0.3987,NA,0.3907,R
494-2011,-7.53,-0.9,0.024,0.024,y,7/26/2011,2011,Tammy Rose,Crab Ledge,55,139.7,100-149,,,,F,1,Y,N,Whole,NA,0.0636,NA,1.226,0.3693,NA,NA,L
266-2011,-7.81,-0.64,0.014,0.026,y,9/10/2011,2011,Fatal Attraction,45 miles NE of ACK,55.5,140.97,100-149,,105,47.63,,1,N,Y,NA,Whole,NA,0.072,NA,NA,1.475,0.38,R
269-2011,-8.04,-0.53,0.022,0.048,y,9/10/2011,2011,Moonlighter,,56,142.24,100-149,,113.5,51.48,,1,Y,N,Broken tip,Broken tip,NA,NA,NA,0.3506,NA,NA,L
547-2011,-7.49,-1.24,0.02,0.065,y,10/7/2011,2011,Tammy Rose,41 09.778,56,142.24,100-149,,,,M,2,Y,Y,Whole,Whole,0.0481,0.048,1.21,0.3318,1.295,0.3265,R
270-2011,-7.83,-0.7,0.044,0.025,y,9/10/2011,2011,Starfish,,56.5,143.51,100-149,,123,55.79,,1,N,Y,NA,Whole,NA,0.0657,NA,NA,1.18,0.3479,R
505-2011,-8.57,-0.69,0.017,0.016,y,7/31/2011,2011,Tuna Fever,Crab Ledge,57,144.78,100-149,,,,,2,Y,Y,Broken tip,Broken tip (piece included),NA,0.076,1.41,0.3934,NA,0.3934,R
466-2011,-8.2,-0.47,0.011,0.028,y,7/6/2011,2011,,,57,144.78,100-149,,279,126.55,,2,Y,Y,Whole,Whole,0.074,0.075,1.354,0.3666,1.384,0.3666,L
497-2011,-7.59,-0.53,0.021,0.012,y,7/28/2011,2011,,,57,144.78,100-149,,,,,2,Y,Y,Whole,Broken tip,0.064,NA,1.378,0.3425,NA,0.3559,L
550-2011,-7.5,-0.84,0.02,0.026,y,10/9/2011,2011,Tammy Rose,41 09.778,57,144.78,100-149,,,,M,2,Y,Y,Broken tip (piece included),Whole,0.067,0.0633,NA,0.3639,1.322,0.3586,L
442-2011,-9.08,-0.75,0.023,0.026,y,7/5/2011,2011,,,58,147.32,100-149,,,,,2,Y,Y,Broken tip,Broken tip,NA,NA,NA,0.3693,NA,0.3666,L
443-2011,-9.05,-0.88,0.012,0.026,y,7/5/2011,2011,,,58,147.32,100-149,,,,,2,Y,Y,Broken tip,Whole,NA,0.082,1.234,0.4228,1.389,0.4308,R
465-2011,-8.38,-0.88,0.021,0.026,y,7/6/2011,2011,,,58,147.32,100-149,,,,M,2,Y,Y,Broken tip,Broken tip,NA,NA,NA,0.3613,NA,0.3613,L
272-2011,-7.65,-0.15,0.017,0.009,y,9/11/2011,2011,Tammy Rose,,58,147.32,100-149,,118,53.52,,1,N,Y,NA,Broken tip (piece included),NA,0.0786,NA,NA,NA,0.3907,R
515-2011,-7.86,-0.87,0.042,0.024,y,8/26/2011,2011,Tammy Rose,41 50.500; 069 53.000,59,149.86,100-149,,,,M,2,Y,Y,Broken tip,Whole,NA,0.0788,1.442,0.3773,1.429,0.4041,R
514-2011,-7.78,-0.77,0.012,0.031,y,8/23/2011,2011,Tammy Rose,Crab Ledge,59,149.86,100-149,,,,M,1,Y,N,Broken tip (piece included),NA,0.0601,NA,NA,0.514,NA,NA,L
271-2011,-7.64,-0.48,0.012,0.008,y,9/11/2011,2011,Moonlighter,,59,149.86,100-149,,122.4,55.52,,1,N,Y,NA,Whole,NA,0.0942,NA,NA,1.574,0.3987,R
548-2011,-7.25,-0.76,0.021,0.022,y,10/8/2011,2011,Tammy Rose,41 09.778,59,149.86,100-149,,,,M,2,Y,Y,Broken tip,Whole,NA,0.0712,NA,0.38,1.445,0.3532,L
261-2011,-7.49,-1.03,0.012,0.047,y,8/13/2011,2011,Dave Lenny,,65,165.1,150-199,,,,F,2,Y,Y,Whole,Whole,0.1576,0.156,1.777,0.4656,1.908,0.4683,R
71-2011,-8.24,-1.15,0.03,0.01,y,7/15/2011,2011,Rollsush,,73,185.42,150-199,153,191.25,86.75,M,2,Y,Y,Whole,Broken tip,0.136,NA,1.632,0.4496,1.606,0.471,L
607-2011,-7.91,-1.03,0.014,0.012,y,9/11/2011,2011,No Excuse,,73,185.42,150-199,141,176.25,79.95,M,2,Y,Y,Whole,Whole,0.1202,0.1208,1.619,0.4389,1.718,0.4282,L
245-2011,-7.77,-0.96,0.036,0.032,y,7/15/2011,2011,Elizabeth Ames,"Ogunquit, ME",73,185.42,150-199,181,226.25,102.63,F,1,N,Y,NA,Whole,NA,0.1091,NA,NA,1.707,0.4094,R
233-2011,-7.76,-0.86,0.012,0.032,y,6/30/2011,2011,Scotia Girl,,73,185.42,150-199,147,183.75,83.35,F,2,Y,Y,Whole,Broken tip (piece included),0.1033,0.1,1.563,0.3934,NA,0.3907,R
20-2011,-7.75,-1.15,0.017,0.024,y,6/20/2011,2011,Merlin,,73,185.42,150-199,166,207.5,94.12,F,2,Y,Y,Whole,Whole,0.0908,0.091,1.425,0.39,1.46,0.39,R
161-2011,-7.72,-1.26,0.011,0.053,y,8/18/2011,2011,Macissa Ray,,73,185.42,150-199,160,200,90.72,M,2,Y,Y,Broken tip,Whole,NA,0.0889,NA,0.4308,1.488,0.4228,L
62-2011,-7.6,-0.99,0.02,0.033,y,7/8/2011,2011,Merlin,,73,185.42,150-199,144,180,81.65,M,2,Y,Y,Whole,Broken tip,0.1213,NA,1.667,0.4041,1.646,0.4094,R
145-2011,-7.58,-0.98,0.013,0.038,y,8/10/2011,2011,Patricia Elaine,,73,185.42,150-199,140,175,79.38,F,1,N,Y,NA,Broken tip,NA,NA,NA,NA,1.619,0.3693,R
Nov-11,-7.51,-1.06,0.021,0.008,y,6/9/2011,2011,,,73,185.42,150-199,190,237.5,107.73,,2,Y,Y,Broken tip (piece included),Whole,0.1557,0.1557,NA,0.4576,1.825,0.4951,L
208-2011,-7.46,-1.12,0.013,0.069,y,6/16/2011,2011,Lily,,73,185.42,150-199,149,186.25,84.48,F,2,Y,Y,Whole,Broken tip (piece included),0.1171,0.1165,1.707,0.4362,NA,0.4603,R
616-2011,-7.35,-1.09,0.017,0.017,y,9/10/2011,2011,Jamie Girl,,73,185.42,150-199,190,237.5,107.73,M,2,Y,Y,Broken tip,Whole,NA,0.0945,NA,0.4121,1.63,0.3934,L
207-2011,-6.84,-1.18,0.035,0.029,y,6/16/2011,2011,Lily,,73,185.42,150-199,161,201.25,91.29,F,2,Y,Y,Broken tip,Broken tip,NA,NA,1.533,0.3854,1.517,0.388,R
127-2011,-8.17,-1.02,0.004,0.03,y,7/31/2011,2011,Sooner or later,,74,187.96,150-199,169,211.25,95.82,F,2,Y,Y,Broken tip (piece included),Whole,NA,0.108,NA,0.4549,1.568,0.4469,R
247-2011,-8.02,-1.27,0.02,0.067,y,7/15/2011,2011,Lily,,74,187.96,150-199,155,193.75,87.89,M,2,Y,Y,Whole,Whole,0.108,0.1095,1.624,0.3773,1.686,0.3907,L
Feb-11,-7.93,-1.21,0.013,0.037,y,7-Jun-11,2011,,Perkins Cove,74,187.96,150-199,166,207.5,94.12,,2,Y,Y,Whole,Whole,0.133,0.1277,1.576,0.442,1.64,0.452,L
421-2011,-7.9,-1.16,0.029,0.011,y,6/27/2011,2011,,,74,187.96,150-199,,208,94.35,M,2,Y,Y,Whole,Broken tip (piece included),0.141,0.1523,1.718,0.4442,NA,0.479,L
222-2011,-7.72,-0.97,0.031,0.035,y,6/21/2011,2011,Lily,,74,187.96,150-199,170,212.5,96.39,M,2,Y,Y,Whole,Whole,0.121,0.124,1.488,0.4442,1.552,0.4656,L
211-2011,-7.66,-1.1,0.014,0.072,y,6/17/2011,2011,Lily,,74,187.96,150-199,169,211.25,95.82,M,1,Y,N,Broken tip,NA,0.1091,NA,NA,0.4121,NA,NA,L
27-2011,-7.58,-1.04,0.024,0.022,y,6/20/2011,2011,Sticker Shock,,74,187.96,150-199,180,225,102.06,M,2,Y,Y,Broken tip (piece included),Whole,0.1092,0.112,NA,0.4228,1.675,0.4255,R
200-2011,-7.44,-1.04,0.039,0.042,y,9/5/2011,2011,Sandi Lynn,,74,187.96,150-199,158,197.5,89.59,F,2,Y,Y,Whole,Whole,0.1562,0.153,1.712,0.4603,1.772,0.4496,R
253-2011,-7.37,-1.16,0.004,0.044,y,7/31/2011,2011,Lily,,74,187.96,150-199,170,212.5,96.39,F,2,Y,Y,Whole,Whole,0.0999,0.099,1.547,0.4121,1.563,0.4121,R
618-2011,-7.33,-0.79,0.024,0.045,y,9/10/2011,2011,North Wind,,74,187.96,150-199,171,213.75,96.96,M,2,Y,Y,Whole,Whole,0.0977,0.097,1.456,0.4041,1.485,0.4068,R
470-2011,-7.32,-1.28,0.011,0.019,y,7/7/2011,2011,,,74,187.96,150-199,162,202.5,91.85,F,2,Y,Y,Whole,Broken tip (piece included),0.108,0.1097,NA,0.4603,1.635,0.4496,L
231-2011,-7.02,-0.9,0.064,0.039,y,6/30/2011,2011,Lily,,74,187.96,150-199,156,195,88.45,F,2,Y,Y,Whole,Whole,0.123,0.1227,1.646,0.4603,1.675,0.4469,L
160-2011,-8.21,-1.08,0.047,0.017,y,8/18/2011,2011,Watasin II,,75,190.5,150-199,179,223.75,101.49,M,2,Y,Y,Broken tip,Whole,NA,0.111,NA,0.4416,1.662,0.4469,R
24-2011,-8.07,-1.31,0.015,0.03,y,6/20/2011,2011,Sticker Shock,,75,190.5,150-199,169,211.25,95.82,M,2,Y,Y,Broken tip (piece included),Broken tip (piece included),0.104,0.0996,NA,0.398,NA,0.3953,L
462-2011,-7.96,-0.98,0.044,0.099,y,7/6/2011,2011,,,75,190.5,150-199,170,212.5,96.39,F,1,Y,N,Broken tip,NA,NA,NA,1.536,0.4335,NA,NA,L
601-2011,-7.93,-1.03,0.02,0.029,y,9/5/2011,2011,Sandi Lynn,,75,190.5,150-199,196,245,111.13,M,2,Y,Y,Whole,Whole,0.1115,0.119,1.635,0.4308,1.723,0.4469,R
423-2011,-7.9,-0.91,0.024,0.03,y,6/29/2011,2011,,,75,190.5,150-199,217,271.25,123.04,F,2,Y,Y,Whole,Whole,0.1219,0.126,1.638,0.4576,1.67,0.4603,R
153-2011,-7.89,-1.13,0.012,0.038,y,8/12/2011,2011,Peter Speeches,,75,190.5,150-199,,,,,2,Y,Y,Whole,Whole,0.131,0.1284,1.812,0.4389,1.876,0.4282,L
63-2011,-7.78,-1.15,0.011,0.018,y,7/8/2011,2011,Perkins Cove,15 miles SE of Portland,75,190.5,150-199,,,,F,2,Y,Y,Broken tip,Broken tip (piece included),NA,0.1109,1.592,0.4228,NA,0.3987,R
468-2011,-7.75,-1.02,0.034,0.071,y,7/7/2011,2011,,,75,190.5,150-199,185,231.25,104.9,M,2,Y,Y,Broken tip,Whole,0.126,0.1223,NA,0.4442,1.673,0.4201,L
469-2011,-7.64,-1.81,0.035,0.012,y,7/7/2011,2011,,,75,190.5,150-199,181,226.25,102.63,M,2,Y,Y,Whole,Broken tip (piece included),0.107,0.109,1.587,0.4255,NA,0.4335,L
614-2011,-7.52,-1.33,0.051,0.059,y,9/11/2011,2011,No Name,,75,190.5,150-199,169,211.25,95.82,M,1,N,Y,NA,Whole,NA,0.103,NA,NA,1.557,0.4041,R
478-2011,-7.35,-1.09,0.015,0.055,y,7/19/2011,2011,,Area 5,75,190.5,150-199,172,235,106.6,F,2,Y,Y,Broken tip,Broken tip (piece included),NA,0.1064,NA,0.4148,NA,0.4175,L
419-2011,-7.34,-1.04,0.012,0.039,y,6/27/2011,2011,,,75,190.5,150-199,196,238,107.96,M,2,Y,Y,Whole,Broken tip (piece included),0.116,0.115,1.598,0.4897,NA,0.4763,R
143-2011,-7.27,-1.27,0.01,0.043,y,8/1/2011,2011,Mike P Perkins,,75,190.5,150-199,,,,,2,Y,Y,Broken tip (piece included),Whole,0.13,0.1311,NA,0.4389,1.683,0.4068,L
99-2011,-7.23,-0.96,0.031,0.022,y,7/27/2011,2011,First Light,,75,190.5,150-199,143,178.75,81.08,F,2,Y,Y,Whole,Broken tip,0.116,NA,1.56,0.463,1.563,0.4683,R
427-2011,-7.05,-1.34,0.031,0.024,y,6/30/2011,2011,,,75,190.5,150-199,188,235,106.6,M,2,Y,Y,Whole,Broken tip (piece included),0.1319,0.128,1.761,0.4389,NA,0.4496,R
407-2011,-7.01,-1.03,0.014,0.036,y,6/20/2011,2011,,,75,190.5,150-199,165,206.25,93.56,F,2,Y,Y,Whole,Broken tip,0.1102,NA,1.539,0.4068,NA,0.3934,R
640-2011,-8.52,-1.72,0.014,0.043,y,9/21/2011,2011,Fin Seeker,43°27,76,193.04,150-199,,,,M,1,Y,N,Whole,NA,0.102,NA,1.528,0.4228,NA,NA,L
115-2011,-7.87,-1.26,0.012,0.002,y,7/27/2011,2011,Jamie Girl,,76,193.04,150-199,211,263.75,119.64,,2,Y,Y,Whole,Whole,0.124,0.1247,1.579,0.4603,1.627,0.4897,L
189-2011,-7.86,-1.33,0.016,0.038,y,8/31/2011,2011,Currency,,76,193.04,150-199,154,192.5,87.32,M,2,Y,Y,Broken tip,Whole,NA,0.12,1.643,0.4175,1.723,0.4228,R
137-2011,-7.81,-0.86,0.024,0.032,y,8/3/2011,2011,Pete Speeches,,76,193.04,150-199,,,,,2,Y,Y,Whole,Whole,0.129,0.1261,1.648,0.4603,1.638,0.4228,L
175-2011,-7.78,-1.15,0.026,0.013,y,8/24/2011,2011,Sooner or later,,76,193.04,150-199,216,270,122.47,F,2,Y,Y,Whole,Whole,0.114,0.1066,1.592,0.4041,1.616,0.4068,L
213-2011,-7.73,-1.15,0.011,0.018,y,6/19/2011,2011,Lily,13739; 44052,76,193.04,150-199,171,213.75,96.96,M,2,Y,Y,Broken tip,Whole,NA,0.1013,NA,0.3961,1.659,0.3961,L
615-2011,-7.61,-1.05,0.006,0.048,y,9/10/2011,2011,Sandi Lynn,,76,193.04,150-199,198,247.5,112.27,M,2,Y,Y,Whole,Broken tip,0.1213,NA,1.689,0.4549,NA,0.4576,R
223-2011,-7.56,-0.86,0.014,0.061,y,6/21/2011,2011,Lily,,76,193.04,150-199,166,207.5,94.12,F,2,Y,Y,Whole,Whole,0.114,0.108,1.579,0.4255,1.56,0.4362,L
230-2011,-7.56,-1.12,0.023,0.024,y,6/30/2011,2011,Lily,,76,193.04,150-199,188,235,106.6,M,2,Y,Y,Broken tip,Whole,NA,0.1152,NA,0.4255,1.729,0.4362,L
47-2011,-7.54,-0.99,0.07,0.019,y,6/26/2011,2011,Sooner or later,,76,193.04,150-199,184,230,104.33,M,2,Y,Y,Whole,Whole,0.107,0.106,1.589,0.4142,1.587,0.4222,L
619-2011,-7.46,-0.87,0.022,0.014,y,9/19/2011,2011,Last One Too,,76,193.04,150-199,212,265,120.2,M,2,Y,Y,Broken tip (piece included),Whole,0.115,0.108,NA,0.4201,1.782,0.3854,L
192-2011,-7.37,-1.25,0.029,0.033,y,8/31/2011,2011,No Name,,76,193.04,150-199,166,207.5,94.12,M,2,Y,Y,Whole,Whole,0.116,0.1112,1.731,0.4014,1.721,0.4094,L
157-2011,-7.32,-1.1,0.013,0.036,y,8/18/2011,2011,Dixie Lynn,,76,193.04,150-199,185,231.25,104.9,M,2,Y,Y,Whole,Whole,0.104,0.1077,1.523,0.4175,1.523,0.4496,L
401-2011,-7.28,-0.89,0.022,0.032,y,6/16/2011,2011,,,76,193.04,150-199,177,203,92.08,F,2,Y,Y,Broken tip,Whole,0.1315,0.1318,NA,0.4656,1.814,0.4523,L
498-2011,-7.14,-1.31,0.063,0.076,y,7/31/2011,2011,,Area 5,76,193.04,150-199,,228,103.42,M,2,Y,Y,Whole,Whole,0.1278,0.124,1.739,0.4282,1.745,0.4308,R
440-2011,-6.66,-1.08,0.011,0.013,y,7/5/2011,2011,,,76,193.04,150-199,187,233.75,106.03,M,2,Y,Y,Whole,Broken near protuberance,0.123,NA,1.675,0.4175,NA,0.4683,R
214-2011,-8.07,-0.87,0.015,0.062,y,6/19/2011,2011,Lily,13733; 44059,77,195.58,150-199,180,225,102.06,F,2,Y,Y,Whole,Whole,0.116,0.1135,1.59,0.4228,1.603,0.388,L
639-2011,-8.01,-1.18,0.038,0.087,y,9/21/2011,2011,Fin Seeker,43°27,77,195.58,150-199,,,,M,1,Y,N,Whole,NA,0.1298,NA,1.753,0.4442,NA,NA,L
128-2011,-8.01,-1.18,0.045,0.051,y,8/3/2011,2011,,,77,195.58,150-199,210,262.5,119.07,F,2,Y,Y,Whole,Whole,0.1223,0.119,1.731,0.4094,1.747,0.4282,R
403-2011,-7.97,-0.81,0.033,0.035,y,6/18/2011,2011,,,77,195.58,150-199,183,249,112.95,F,2,Y,Y,Whole,Broken tip,0.1208,NA,1.656,0.4549,NA,0.4335,R
Mar-11,-7.7,-1.24,0.037,0.041,y,7-Jun-11,2011,,Perkins Cove,77,195.58,150-199,,,,,2,Y,Y,Whole,Whole,0.111,0.1106,1.7,0.39,1.705,0.409,L
202-2011,-7.53,-1.13,0.034,0.05,y,6/8/2011,2011,Lily,,77,195.58,150-199,169,211.25,95.82,F,2,Y,Y,Whole,Whole,0.1217,0.124,1.627,0.4549,1.689,0.4683,R
229-2011,-7.44,-0.92,0.027,0.022,y,6/29/2011,2011,Lily,,77,195.58,150-199,174,217.5,98.66,M,2,Y,Y,Whole,Whole,0.1391,0.148,1.731,0.463,1.841,0.4763,R
112-2011,-7.35,-0.9,0.008,0.027,y,7/27/2011,2011,Jamie Girl,,77,195.58,150-199,178,222.5,100.93,,2,Y,Y,Broken tip,Whole,NA,0.1091,1.485,0.4175,1.566,0.4148,L
439-2011,-7.33,-1.1,0.008,0.045,y,7/5/2011,2011,,,77,195.58,150-199,177,221.25,100.36,M,2,Y,Y,Broken tip (piece included),Whole,0.1246,0.125,NA,0.471,1.646,0.4737,R
121-2011,-7.26,-1.02,0.024,0.03,y,7/28/2011,2011,Patricia Elaine,,77,195.58,150-199,203,253.75,115.1,F,2,Y,Y,Broken tip (piece included),Whole,0.1288,0.128,NA,0.4523,1.691,0.4442,R
409-2011,-7.16,-0.96,0.014,0.029,y,6/21/2011,2011,,,77,195.58,150-199,202,239,108.41,F,1,N,Y,NA,Broken tip,NA,NA,NA,NA,1.67,0.4175,R
426-2011,-7.01,-1.13,0.016,0.017,y,6/30/2011,2011,,,77,195.58,150-199,156,195,88.45,M,2,Y,Y,Whole,Broken tip,0.1025,NA,1.469,0.4014,NA,0.4148,R
441-2011,-6.92,-1.09,0.009,0.019,y,7/5/2011,2011,,,77,195.58,150-199,188,235,106.6,F,2,Y,Y,Whole,Whole,0.113,0.116,1.536,0.4496,1.574,0.4416,R
402-2011,-8.18,-0.98,0.009,0.081,y,6/16/2011,2011,,,78,198.12,150-199,185,231.25,104.9,M,2,Y,Y,Whole,Broken tip,0.118,NA,1.56,0.4683,1.683,0.4362,L
118-2011,-7.94,-0.94,0.014,0.045,y,7/27/2011,2011,Perkins Cove,,78,198.12,150-199,,,,,2,Y,Y,Broken tip,Whole,NA,0.1409,NA,0.4656,1.707,4.79,L
609-2011,-7.86,-1.09,0.03,0.058,y,9/10/2011,2011,Kelly Lynn,,78,198.12,150-199,224,280,127.01,M,2,Y,Y,Whole,Whole,0.132,0.1261,1.761,0.4576,1.71,0.4496,L
428-2011,-7.79,-1.22,0.022,0.056,y,6/30/2011,2011,,,78,198.12,150-199,177,221.25,100.36,M,2,Y,Y,Broken tip,Broken tip,NA,NA,NA,0.3934,NA,0.4228,L
463-2011,-7.58,-1.25,0.001,0.007,y,7/6/2011,2011,,,78,198.12,150-199,192,240,108.86,M,2,Y,Y,Broken tip,Whole,NA,0.1393,NA,0.4148,1.651,0.4255,L
436-2011,-7.51,-1.15,0.021,0.011,y,7/1/2011,2011,,,78,198.12,150-199,204,243,110.22,M,2,N,Y,NA,Whole,NA,0.1164,NA,NA,1.662,0.4228,R
123-2011,-7.5,-1.43,0.049,0.094,y,8/2/2011,2011,Perkins Cove,,78,198.12,150-199,,,,,2,Y,Y,Whole,Broken tip,0.1233,NA,1.753,0.4201,1.715,0.4335,R
232-2011,-7.47,-0.96,0.021,0.062,y,6/30/2011,2011,Lily,,78,198.12,150-199,191,238.75,108.3,M,2,Y,Y,Whole,Whole,0.1076,0.106,1.646,0.3934,1.662,0.4014,R
620-2011,-7.42,-1.12,0.011,0.049,y,9/19/2011,2011,Patricia Elaine,,78,198.12,150-199,237,296.25,134.38,M,2,Y,Y,Whole,Whole,0.119,0.1173,1.723,0.3854,1.697,0.3907,L
135-2011,-7.36,-1.14,0.016,0.041,y,8/4/2011,2011,Osprey,,78,198.12,150-199,206,257.5,116.8,F,2,Y,Y,Whole,Whole,0.1252,0.13,1.686,0.4308,1.673,0.4121,R
628-2011,-7.32,-0.97,0.011,0.058,y,9/20/2011,2011,Sandi Lynn,,78,198.12,150-199,228,285,129.28,F,2,Y,Y,Broken tip,Whole,NA,0.1366,1.619,0.4389,1.673,0.4362,L
237-2011,-7.25,-1.23,0.01,0.043,y,6/30/2011,2011,Christien Ana,,78,198.12,150-199,180,225,102.06,M,2,Y,Y,Broken tip,Broken tip,NA,NA,NA,0.4148,NA,0.4201,R
28-2011,-7.1,-0.88,0.038,0.01,y,6/20/2011,2011,Marina Rose,,78,198.12,150-199,170,212.5,96.39,M,2,Y,Y,Whole,Whole,0.1085,0.107,1.581,0.433,1.638,0.4491,R
254-2011,-7.03,-0.85,0.009,0.011,y,7/31/2011,2011,Lily,,78,198.12,150-199,188,235,106.6,F,2,Y,Y,Whole,Broken tip,0.122,NA,1.64,0.4201,1.576,0.4148,R
201-2011,-6.71,-1.16,0.048,0.024,y,6/8/2011,2011,Lily,,78,198.12,150-199,188,235,106.6,M,2,Y,Y,Whole,Broken tip,0.1672,NA,1.884,0.4549,NA,0.4656,R
633-2011,-8.48,-0.7,0.03,0.033,y,9/24/2011,2011,Jamie Girl,,79,200.66,200-249,182,227.5,103.19,M,2,Y,Y,Broken tip,Whole,NA,0.1097,1.493,0.3934,1.568,0.3854,R
141-2011,-7.88,-1.06,0.03,0.016,y,7/26/2011,2011,Mike P Perkins,,79,200.66,200-249,,,,,2,Y,Y,Whole,Whole,0.122,0.1196,1.699,0.4469,1.694,0.4496,L
119-2011,-7.81,-1.13,0.021,0.011,y,7/28/2011,2011,Mary Joseph,,79,200.66,200-249,207,258.75,117.37,M,2,Y,Y,Whole,Broken tip,0.1225,NA,1.536,0.471,1.523,0.463,R
626-2011,-7.72,-0.93,0.014,0.052,y,9/20/2011,2011,Dixie Lynn,,79,200.66,200-249,211,263.75,119.64,F,2,Y,Y,Broken tip,Broken tip,NA,NA,NA,0.4924,NA,0.4844,L
178-2011,-7.64,-1.04,0.025,0.021,y,8/30/2011,2011,Stella Sea,,79,200.66,200-249,207,258.75,117.37,,2,Y,Y,Whole,Whole,0.13,0.135,1.702,0.4389,1.796,0.4282,L
234-2011,-7.61,-0.95,0.015,0.028,y,6/30/2011,2011,Scotia Girl,,79,200.66,200-249,168,210,95.26,F,2,Y,Y,Whole,Broken tip,0.128,NA,1.536,0.4656,1.525,0.463,L
218-2011,-7.6,-1.03,0.027,0.014,y,6/20/2011,2011,,,79,200.66,200-249,,,,,2,Y,Y,Broken tip (piece included),Broken tip,0.108,NA,NA,0.4523,1.574,0.4282,L
149-2011,-7.58,-1.06,0.021,0.031,y,,2011,Melanie Jean,,79,200.66,200-249,235,293.75,133.25,,2,Y,Y,Broken tip,Broken tip,NA,NA,1.71,0.4469,1.774,0.463,L
181-2011,-7.44,-0.9,0.034,0.028,y,8/30/2011,2011,Dixie Lynn,,79,200.66,200-249,194,242.5,110,F,2,Y,Y,Whole,Whole,0.1044,0.103,1.616,0.4228,1.638,0.4228,R
209-2011,-7.44,-0.79,0.024,0.03,y,6/16/2011,2011,Lily,,79,200.66,200-249,187,233.75,106.03,M,2,Y,Y,Whole,Whole,0.104,0.0994,1.579,0.4068,1.603,0.4068,L
17-2011,-7.34,-1.1,0.045,0.058,y,6/9/2011,2011,,,79,200.66,200-249,,,,,2,Y,Y,Broken tip,Whole,NA,0.1166,1.568,0.4094,1.595,0.4308,L
482-2011,-7.23,-1.01,0.009,0.016,y,7/20/2011,2011,,Area 5,79,200.66,200-249,195,243.75,110.57,F,2,Y,Y,Broken tip,Broken tip (piece included),NA,0.109,NA,0.4201,NA,0.4201,R
625-2011,-7.16,-0.8,0.003,0.054,y,9/19/2011,2011,Sandi Lynn,,79,200.66,200-249,232,290,131.54,M,2,Y,Y,Broken tip (piece included),Whole,0.1341,0.13,NA,0.4469,1.638,0.4255,R
16-2011,-7.04,-0.82,0.025,0.058,y,6/9/2011,2011,,,79,200.66,200-249,,,,,2,Y,Y,Broken tip,Broken tip,NA,NA,NA,0.4255,NA,0.4175,L
114-2011,-6.94,-1.03,0.005,0.008,y,7/27/2011,2011,Dixie Lynn,,79,200.66,200-249,175,218.75,99.23,M,2,Y,Y,Broken tip,Whole,NA,0.111,1.662,0.4175,1.723,0.3934,R
224-2011,-8.21,-1.13,0.011,0.041,y,6/28/2011,2011,Steve Weiner,,80,203.2,200-249,,,,,1,Y,N,Whole,NA,0.127,NA,1.689,0.463,NA,NA,L
167-2011,-7.75,-1.01,0.005,0.017,y,8/22/2011,2011,Patty B,,80,203.2,200-249,236,295,133.81,,2,Y,Y,Whole,Whole,0.1071,0.107,1.528,0.4389,1.595,0.4094,R
194-2011,-7.57,-1.03,0.022,0.024,y,8/16/2011,2011,Pete Speeches,,80,203.2,200-249,,,,,1,N,Y,Whole,Whole,NA,0.1242,NA,NA,1.764,0.4308,R
108-2011,-7.5,-1.2,0.033,0.067,y,7/27/2011,2011,Pauline and Patricia,,80,203.2,200-249,,,,,2,Y,Y,Whole,Whole,0.123,0.1198,1.673,0.479,1.705,0.463,L
138-2011,-7.46,-0.81,0.032,0.022,y,8/3/2011,2011,Pete Speeches,,80,203.2,200-249,,,,,2,Y,Y,Broken tip,Whole,NA,0.1145,1.764,0.3746,1.766,0.3961,L
641-2011,-7.45,-0.52,0.018,0.065,y,9/24/2011,2011,Fin Seeker,43°27,80,203.2,200-249,215,268.75,121.91,F,2,Y,Y,Broken tip,Whole,NA,0.1056,NA,0.4148,1.683,0.4014,L
212-2011,-7.35,-0.99,0.02,0.006,y,6/19/2011,2011,Lily,13570; 44056,80,203.2,200-249,195,243.75,110.57,M,2,Y,Y,Whole,Whole,0.1267,0.125,1.624,0.4683,1.622,0.4683,R
25-2011,-7.19,-0.9,0.035,0.042,y,6/20/2011,2011,Rush,,80,203.2,200-249,208,260,117.94,M,2,Y,Y,Whole,Whole,0.124,0.117,1.562,0.4895,1.6,0.4653,L
34-2011,-7.06,-0.96,0.023,0.061,y,6/21/2011,2011,Julia G,,80,203.2,200-249,188,235,106.6,M,2,Y,Y,Whole,Broken tip,0.1239,NA,1.692,0.4679,NA,0.4491,R
84-2011,-6.94,-1.4,0.022,0.01,y,7/23/2011,2011,Last One Too,,80,203.2,200-249,208,260,117.94,M,2,Y,Y,Whole,Whole,0.1508,0.15,1.806,0.4683,1.822,0.471,R
106-2011,-8.18,-1.31,0.015,0.071,y,7/27/2011,2011,Sarah Beth,,81,205.74,200-249,248,310,140.62,,2,Y,Y,Whole,Whole,0.098,0.0983,1.552,0.388,1.584,0.4014,L
636-2011,-8.07,-1.15,0.034,0.038,y,9/25/2011,2011,Dixie Lynn,,81,205.74,200-249,239,298.75,135.51,M,1,N,Y,NA,Whole,NA,0.1271,NA,NA,1.822,0.4148,R
190-2011,-8.01,-0.95,0.031,0.075,y,8/31/2011,2011,Melanie Jean,,81,205.74,200-249,241,301.25,136.65,,2,Y,Y,Whole,Whole,0.111,0.1072,1.659,0.4201,1.723,0.3987,L
170-2011,-7.87,-0.95,0.002,0.012,y,8/22/2011,2011,Jamie Girl,,81,205.74,200-249,292,365,165.56,M,2,Y,Y,Broken tip (piece included),Whole,0.1228,0.1276,NA,0.4228,1.718,0.4201,L
238-2011,-7.8,-1.11,0.038,0.075,y,6/30/2011,2011,Christien Ana,,81,205.74,200-249,207,258.75,117.37,M,2,Y,Y,Whole,Whole,0.134,0.135,1.628,0.4308,1.656,0.4576,L
140-2011,-7.76,-1.18,0.022,0.037,y,8/3/2011,2011,Pete Speeches,,81,205.74,200-249,,,,,2,Y,Y,Broken tip,Whole,NA,0.115,1.584,0.4121,1.686,0.4308,R
139-2011,-7.75,-0.95,0.003,0.036,y,8/3/2011,2011,Pete Speeches,,81,205.74,200-249,,,,,2,Y,Y,Whole,Whole,0.1163,0.122,1.718,0.4255,1.833,0.4121,R
648-2011,-7.75,-1.09,0.005,0.042,y,9/26/2011,2011,Jamie Girl,,81,205.74,200-249,291,363.75,165,M,2,Y,Y,Whole,Whole,0.1397,0.139,1.595,0.5111,1.646,0.5192,R
142-2011,-7.63,-1.28,0.01,0.047,y,7/20/2011,2011,Mike P Perkins,,81,205.74,200-249,,,,,2,Y,Y,Whole,Broken tip (piece included),0.1055,0.101,1.737,0.401,NA,0.388,R
225-2011,-7.47,-1.07,0.02,0.066,y,6/28/2011,2011,Steve Weiner,,81,205.74,200-249,,,,,2,Y,Y,Broken tip (piece included),Whole,0.12,0.125,NA,0.4763,1.659,0.4442,L
243-2011,-7.31,-0.66,0.016,0.043,y,7/14/2011,2011,North Atlantic Traders,,81,205.74,200-249,219,273.75,124.17,,2,Y,Y,Whole,Whole,0.1165,0.1133,1.673,0.4014,1.758,0.4255,R
46-2011,-7.25,-0.78,0.008,0.036,y,6/29/2011,2011,Merlin,,81,205.74,200-249,240,300,136.08,M,2,Y,Y,Whole,Broken tip,0.1223,NA,1.721,0.4437,NA,0.4841,R
158-2011,-7.21,-0.76,0.006,0.015,y,8/18/2011,2011,Sooner or later,,81,205.74,200-249,204,255,115.67,F,2,Y,Y,Whole,Whole,0.1235,0.122,1.587,0.4121,1.611,0.4148,R
185-2011,-7.02,-1.09,0.017,0.028,y,8/30/2011,2011,Impulse,,81,205.74,200-249,259,323.75,146.85,,2,Y,Y,Whole,Whole,0.1183,0.122,1.64,0.4469,1.678,0.4442,R
203-2011,-7.83,-1.04,0.012,0.049,y,6/8/2011,2011,Jeannie Marie,,82,208.28,200-249,224,280,127.01,,2,Y,Y,Whole,Whole,0.118,0.1214,1.648,0.4148,1.635,0.4175,L
658-2011,-7.32,-0.73,0.014,0.054,y,10/1/2011,2011,Sooner or Later,,82,208.28,200-249,250,312.5,141.75,M,2,Y,Y,Whole,Whole,0.1228,0.1453,1.836,0.4201,1.849,0.4469,L
187-2011,-7.34,-0.63,0.007,0.005,y,8/30/2011,2011,Annie B,,83,210.82,200-249,,,,M,2,Y,Y,Broken tip,Broken tip,NA,NA,1.566,0.4737,1.648,0.479,L
646-2011,-6.86,-1.12,0.037,0.027,y,9/27/2011,2011,Dixie Lynn,,83,210.82,200-249,292,365,165.56,M,2,Y,Y,Broken tip,Broken tip,NA,NA,1.793,0.4175,1.758,0.4121,L
177-2011,-7.58,-1.28,0.012,0.024,y,8/30/2011,2011,,,84,213.36,200-249,256,320,145.15,,2,Y,Y,Broken tip,Whole,NA,0.127,1.525,0.4469,1.608,0.4442,R
519-2011,-7.72,-1.05,0.023,0.039,y,8/30/2011,2011,,,85,215.9,200-249,351,438.75,199.02,M,1,N,Y,NA,Whole,NA,0.1796,NA,NA,1.905,0.5145,
85-2011,-7.68,-0.48,0.017,0.048,y,7/21/2011,2011,Dixie Lynn,,85,215.9,200-249,239,298.75,135.51,M,2,Y,Y,Whole,Whole,0.1373,0.145,1.616,0.487,1.764,0.4844,R
206-2011,-7.12,-0.7,0.049,0.024,y,6/13/2011,2011,LowafinII,,85,215.9,200-249,284,355,161.03,,2,Y,Y,Whole,Whole,0.156,0.1535,1.697,0.4416,1.828,0.4282,L
15-2011,-7.82,-1.35,0.016,0.03,y,6/8/2011,2011,,,86,218.44,200-249,,,,,2,Y,Y,Whole,Whole,0.148,0.1551,1.718,0.463,1.828,0.4763,L
499-2011,-7.6,-0.94,0.056,0.035,y,7/31/2011,2011,,Area 5,86,218.44,200-249,,323,146.51,M,2,Y,Y,Whole,Whole,0.1575,0.167,1.747,0.4763,1.825,0.4897,R
104-2011,-6.92,-1.07,0.032,0.033,y,7/26/2011,2011,,,86,218.44,200-249,258,322.5,146.29,F,2,Y,Y,Broken tip,Broken tip,NA,NA,NA,0.4362,1.659,0.4282,R
241-2011,-7.79,-1.33,0.005,0.028,y,7/5/2011,2011,Jeannie Marie,,87,220.98,200-249,,,,M,2,Y,Y,Whole,Broken tip (piece included),0.1373,0.137,1.624,0.4255,NA,0.463,R
624-2011,-7.06,-0.32,0.02,0.035,y,9/19/2011,2011,Dixie Lynn,,87,220.98,200-249,314,392.5,178.04,M,2,Y,Y,Broken tip,Broken tip,NA,NA,1.592,0.5138,1.56,0.5165,R
148-2011,-6.99,-1.2,0.005,0.051,y,,2011,Real Job,,87,220.98,200-249,265,331.25,150.26,,2,Y,Y,Whole,Whole,0.146,0.1399,1.782,0.4496,1.796,0.4603,L
631-2011,-8.23,-0.72,0.026,0.023,y,9/22/2011,2011,Last One Too,,88,223.52,200-249,285,356.25,161.6,M,2,Y,Y,Broken tip (piece included),Broken tip (piece included),0.1381,0.138,NA,0.4683,NA,0.4924,R
226-2011,-7.75,-1.06,0.039,0.032,y,6/28/2011,2011,Steve Weiner,,88,223.52,200-249,,,,,2,Y,Y,Whole,Whole,0.117,0.118,1.485,0.4201,1.517,0.4121,R
629-2011,-7.02,-0.57,0.031,0.034,y,9/20/2011,2011,Sandi Lynn,,88,223.52,200-249,338,422.5,191.65,M,2,Y,Y,Whole,Whole,0.1625,0.168,1.83,0.4924,1.849,0.4951,R
82-2011,-7.72,-0.92,0.038,0.059,y,7/23/2011,2011,Jamie Girl,,89,226.06,200-249,286,357.5,162.16,M,2,Y,Y,Whole,Whole,0.144,0.141,1.656,0.4656,1.723,0.4683,R
617-2011,-7.52,-0.56,0.023,0.022,y,9/10/2011,2011,Terri Lynn,,89,226.06,200-249,268,335,151.96,F,2,Y,Y,Whole,Whole,0.155,0.1502,1.769,0.4817,1.747,0.4924,L
173-2011,-7.87,-1.3,0.023,0.043,y,8/24/2011,2011,Last One Too,,90,228.6,200-249,300,375,170.1,F,2,Y,Y,Whole,Whole,0.1522,0.142,1.881,0.471,1.884,0.4763,R
101-2011,-7.11,-1.31,0.012,0.053,y,7/26/2011,2011,Dixie Lynn,,90,228.6,200-249,321,401.25,182.01,M,2,Y,Y,Whole,Whole,0.126,0.1237,1.595,0.4255,1.67,0.4603,L
126-2011,-6.86,-1.09,0.013,0.01,y,7/30/2011,2011,Saucy II,,90,228.6,200-249,364,455,206.39,,2,Y,Y,Whole,Whole,0.161,0.1637,1.962,0.479,1.85,0.5428,L
103-2011,-8.02,-0.66,0.014,0.038,y,7/25/2011,2011,Sandi Lynn,,91,231.14,200-249,362,452.5,205.25,,2,Y,Y,Whole,Broken tip (piece included),0.16,0.1544,1.889,0.457,NA,0.4496,L
169-2011,-7.75,-0.69,0.013,0.01,y,8/22/2011,2011,Jamie Girl,,91,231.14,200-249,316,395,179.17,M,2,Y,Y,Broken tip (piece included),Broken tip (piece included),0.175,0.172,NA,0.5138,NA,0.5245,L
199-2011,-7.51,-1,0.016,0.049,y,9/5/2011,2011,Samantha Mae,,91,231.14,200-249,290,362.5,164.43,,2,Y,Y,Whole,Broken tip,0.1785,NA,1.788,0.5138,NA,0.5272,R
105-2011,-7.34,-1.03,0.005,0.031,y,7/26/2011,2011,Jamie Girl,,91,231.14,200-249,334,417.5,189.38,M,2,Y,Y,Whole,Whole,0.156,0.1569,1.863,0.4576,1.9,0.4549,L
122-2011,-6.94,-1.11,0.022,0.043,y,7/28/2011,2011,Sandi Lynn,,91,231.14,200-249,313,391.25,177.47,M,2,Y,Y,Whole,Broken tip,0.15,NA,1.723,0.463,1.697,0.4683,L
195-2011,-6.88,-1.11,0.009,0.013,y,8/18/2011,2011,Pete Speeches,,91,231.14,200-249,,,,,1,Y,N,Whole,NA,0.126,NA,1.715,0.4603,NA,NA,L
98-2011,-7.92,-0.75,0.005,0.026,y,7/26/2011,2011,Last One Too,,92,233.68,200-249,329,411.25,186.54,M,2,Y,Y,Whole,Whole,0.1432,0.133,1.742,0.4737,1.782,0.4389,R
100-2011,-7.2,-1.07,0.009,0.03,y,7/26/2011,2011,Sandi Lynn,,92,233.68,200-249,360,450,204.12,M,2,Y,Y,Whole,Whole,0.1893,0.189,1.836,0.5138,1.796,0.5031,R
168-2011,-7.12,-0.65,0.005,0.017,y,8/19/2011,2011,Sooner or later,,92,233.68,200-249,364,455,206.39,M,2,Y,Y,Whole,Whole,0.167,0.1632,1.879,0.4897,1.844,0.4817,L
198-2011,-7.05,-1.15,0.02,0.013,y,9/5/2011,2011,No Name,,92,233.68,200-249,295,368.75,167.27,,2,Y,Y,Broken tip,Whole,NA,0.189,1.822,0.471,1.913,0.4656,L
151-2011,-6.64,-1.29,0.016,0.032,y,8/7/2011,2011,Peter Speeches,,92,233.68,200-249,,,,,2,Y,Y,Whole,Whole,0.221,0.2055,1.946,0.4496,1.948,0.4442,L
638-2011,-7.65,-0.88,0.025,0.026,y,9/25/2011,2011,Miss Di,,93,236.22,200-249,207,258.75,117.37,M,2,Y,Y,Broken tip,Broken tip,NA,NA,1.691,0.4763,1.673,0.4496,L
205-2011,-7.58,-1.17,0.011,0.008,y,6/8/2011,2011,Jeannie Marie,,93,236.22,200-249,329,411.25,186.54,,2,Y,Y,Broken tip (piece included),Broken tip,0.106,NA,NA,0.4576,NA,0.4469,L
660-2011,-6.84,-0.88,0.028,0.069,y,10/7/2011,2011,Fin Seeker,,93,236.22,200-249,,,,M,2,Y,Y,Broken tip,Whole,NA,0.165,NA,0.4603,1.788,0.4656,R
125-2011,-7.61,-0.78,0.038,0.042,y,8/2/2011,2011,Dixie Lynn,,94,238.76,200-249,333,416.25,188.81,M,2,Y,Y,Broken tip (piece included),Broken tip,0.1735,NA,NA,0.4308,1.946,0.471,R
623-2011,-7.54,-1.32,0.014,0.029,y,9/20/2011,2011,Last One Too,,94,238.76,200-249,330,412.5,187.11,M,2,Y,Y,Whole,Whole,0.1039,0.104,1.536,0.4549,1.541,0.4469,R
89-2011,-7.43,-1.22,0.004,0.08,y,7/25/2011,2011,Mary Joseph,,94,238.76,200-249,562,702.5,318.65,M,2,Y,Y,Broken tip,Whole,NA,0.19,1.809,0.5218,1.913,0.5245,R
130-2011,-7.15,-0.96,0.025,0.036,y,8/4/2011,2011,,,94,238.76,200-249,360,450,204.12,M,2,Y,Y,Broken tip,Whole,NA,0.1665,NA,0.4951,1.777,0.5138,R
664-2011,-6.9,-0.96,0.02,0.019,y,10/8/2011,2011,Fin Seeker,,94,238.76,200-249,,,,F,2,Y,Y,Whole,Whole,0.2022,0.201,1.86,0.5085,1.855,0.5031,R
663-2011,-7.75,-1.05,0.06,0.029,y,10/8/2011,2011,Fin Seeker,,96,243.84,200-249,,,,F,2,Y,Y,Broken tip (piece included),Whole,0.165,0.1615,NA,0.479,1.796,0.4763,L
662-2011,-7.26,-0.96,0.047,0.017,y,10/7/2011,2011,Fin Seeker,,96,243.84,200-249,,,,F,2,Y,Y,Broken tip,Whole,NA,0.2122,NA,0.5192,1.838,0.5192,L
255-2011,-7.08,-0.6,0.006,0.037,y,7/31/2011,2011,Surf Rider,,96,243.84,200-249,401,501.25,227.37,M,2,Y,Y,Whole,Whole,0.1299,0.133,1.761,0.4523,1.79,0.4496,R
133-2011,-7.96,-0.75,0.011,0.071,y,8/8/2011,2011,Compadre,,97,246.38,200-249,415,518.75,235.31,M,1,Y,N,Broken tip,NA,NA,NA,NA,0.4014,NA,NA,L
621-2011,-7.75,-0.73,0.011,0.018,y,9/19/2011,2011,Sandi Lynn,,97,246.38,200-249,395,493.75,223.97,M,2,Y,Y,Broken tip,Broken tip,NA,NA,NA,0.4656,NA,0.4817,R
102-2011,-7.32,-1.19,0.021,0.029,y,7/25/2011,2011,Jamie Girl,,97,246.38,200-249,390,487.5,221.13,M,2,Y,Y,Whole,Whole,0.1766,0.159,1.927,0.4683,1.937,0.4683,R
111-2011,-6.6,-0.96,0.015,0.048,y,7/27/2011,2011,Last One Too,,97,246.38,200-249,410,512.5,232.47,M,2,Y,Y,Whole,Whole,0.153,0.146,1.766,0.4469,1.726,0.4175,R
643-3011,-7.55,-0.98,0.033,0.04,y,9/24/2011,2011,Fin Seeker,43°27,98,248.92,200-249,338,422.5,191.65,M,2,Y,Y,Broken tip (piece included),Broken tip,0.177,NA,NA,0.456,NA,0.4688,L
516-2011,-7.7,-0.81,0.008,0.069,y,8/26/2011,2011,,Area 4 - Cape Cod Bay,113,287.02,250-300,709,830,376.49,,2,Y,Y,Broken tip,Whole,NA,0.2966,NA,5.727,1.905,0.5486,L
